game_id,turn,phase,clear_count,board_occupancy,expression_result,combo_multiplier,num_tiles,op_tiles,blank_tiles
0,1,0,0,0.0494,0,1.00,4,1,0
0,2,0,0,0.0988,0,1.00,4,1,0
0,3,0,0,0.1481,0,1.00,4,1,1
0,4,0,0,0.1975,0,1.00,4,1,0
0,5,0,0,0.2469,0,1.00,4,1,1
0,6,0,0,0.2963,0,1.00,4,0,0
0,7,0,1,0.2346,170,1.00,4,2,0
0,8,0,0,0.2840,0,1.00,4,2,0
0,9,0,1,0.2099,458869,1.00,3,1,0
0,10,0,0,0.2469,0,1.00,3,0,1
0,11,0,1,0.1852,463532,1.00,4,0,0
0,12,0,0,0.2346,0,1.00,4,0,0
0,13,0,0,0.2716,0,1.00,3,0,0
0,14,0,0,0.3210,0,1.00,4,2,0
0,15,0,0,0.3704,0,1.00,4,1,2
0,16,0,0,0.4815,0,1.00,9,2,2
0,17,1,1,0.4198,71,1.00,4,2,0
0,18,1,1,0.3580,51,1.10,4,3,1
0,19,1,0,0.4074,0,1.00,4,1,0
0,20,1,1,0.3457,542,1.00,4,1,1
0,21,1,0,0.3827,0,1.00,3,1,0
0,22,1,0,0.3951,0,1.00,1,0,0
0,23,1,0,0.4321,0,1.00,3,2,0
0,24,1,0,0.4815,0,1.00,4,2,0
0,25,1,0,0.5309,0,1.00,4,0,1
0,26,1,0,0.5802,0,1.00,4,1,0
0,27,1,1,0.5062,16,1.00,3,2,1
0,28,1,0,0.5556,0,1.00,4,2,0
0,29,1,0,0.6049,0,1.00,4,1,1
1,1,0,0,0.0494,0,1.00,4,1,1
1,2,0,0,0.1111,0,1.00,5,1,2
1,3,0,0,0.1605,0,1.00,4,1,1
1,4,0,0,0.2099,0,1.00,4,1,1
1,5,0,1,0.1481,4,1.00,4,0,1
1,6,0,0,0.1728,0,1.00,2,1,0
1,7,0,0,0.2099,0,1.00,3,0,0
1,8,0,0,0.2593,0,1.00,4,1,1
1,9,0,0,0.3086,0,1.00,4,1,2
1,10,0,0,0.3580,0,1.00,4,0,1
1,11,0,0,0.4074,0,1.00,4,1,1
1,12,0,1,0.3333,4713,1.00,3,1,0
1,13,0,0,0.3827,0,1.00,4,2,0
1,14,0,1,0.3086,87,1.00,3,1,1
1,15,0,0,0.3580,0,1.00,4,2,1
1,16,0,0,0.4074,0,1.00,4,1,0
1,17,0,0,0.4568,0,1.00,4,1,1
1,18,1,1,0.4568,-52,1.00,9,1,2
1,19,1,0,0.5062,0,1.00,4,4,0
1,20,1,0,0.5432,0,1.00,3,2,1
1,21,1,1,0.4815,42,1.00,4,2,0
1,22,1,1,0.4198,3676,1.10,4,2,1
1,23,1,1,0.3580,28,1.20,4,2,0
1,24,1,0,0.3951,0,1.00,3,0,0
1,25,1,1,0.3951,174,1.00,9,4,1
1,26,1,0,0.4444,0,1.00,4,2,0
1,27,1,0,0.4938,0,1.00,4,2,0
1,28,1,1,0.3951,-2095,1.00,1,0,0
1,29,1,0,0.4321,0,1.00,3,1,1
1,30,2,1,0.3704,2365,1.00,4,1,0
1,31,2,0,0.3951,0,1.00,2,0,0
1,32,2,0,0.4444,0,1.00,4,2,0
1,33,2,1,0.3827,66,1.00,4,2,0
1,34,2,0,0.4321,0,1.00,4,1,0
1,35,2,0,0.4815,0,1.00,4,2,0
1,36,2,0,0.5432,0,1.00,5,0,0
1,37,2,0,0.5926,0,1.00,4,2,0
1,38,2,2,0.4444,855,1.00,3,1,0
1,39,2,0,0.4938,0,1.00,4,2,0
1,40,2,0,0.5432,0,1.00,4,0,0
1,41,2,0,0.5926,0,1.00,4,2,1
1,42,2,1,0.5432,5,1.00,5,1,0
2,1,0,0,0.0494,0,1.00,4,0,0
2,2,0,0,0.0988,0,1.00,4,1,1
2,3,0,0,0.1605,0,1.00,5,0,1
2,4,0,0,0.2099,0,1.00,4,2,1
2,5,0,1,0.1481,-51,1.00,4,2,1
2,6,0,0,0.1728,0,1.00,2,1,0
2,7,0,1,0.1111,465,1.00,4,0,2
2,8,0,0,0.1605,0,1.00,4,1,0
2,9,0,0,0.2099,0,1.00,4,1,0
2,10,0,1,0.1605,14,1.00,5,0,3
2,11,0,0,0.2099,0,1.00,4,0,2
2,12,0,0,0.2346,0,1.00,2,1,0
2,13,0,0,0.2840,0,1.00,4,2,0
2,14,0,0,0.3333,0,1.00,4,1,2
2,15,0,0,0.3827,0,1.00,4,0,2
2,16,0,0,0.4321,0,1.00,4,1,1
2,17,0,0,0.4938,0,1.00,5,2,0
2,18,1,1,0.4321,8,1.00,4,1,1
2,19,1,0,0.4815,0,1.00,4,1,1
2,20,1,1,0.4198,3,1.00,4,2,1
2,21,1,0,0.4691,0,1.00,4,2,0
2,22,1,0,0.5062,0,1.00,3,1,1
2,23,1,1,0.4444,-714,1.00,4,1,0
2,24,1,0,0.4815,0,1.00,3,0,1
2,25,1,0,0.5309,0,1.00,4,1,0
2,26,1,0,0.5432,0,1.00,1,0,0
2,27,1,0,0.5802,0,1.00,3,0,0
2,28,1,0,0.6296,0,1.00,4,0,0
2,29,1,0,0.6667,0,1.00,3,1,1
2,30,1,1,0.5926,79,1.00,3,0,1
2,31,1,0,0.6420,0,1.00,4,1,0
2,32,1,0,0.6914,0,1.00,4,1,0
2,33,1,1,0.6296,7168,1.00,4,1,1
2,34,1,0,0.6790,0,1.00,4,1,0
2,35,1,0,0.7284,0,1.00,4,3,1
3,1,0,0,0.0494,0,1.00,4,1,2
3,2,0,0,0.0617,0,1.00,1,0,0
3,3,0,0,0.1111,0,1.00,4,0,0
3,4,0,0,0.1605,0,1.00,4,1,2
3,5,0,0,0.2099,0,1.00,4,0,2
3,6,0,0,0.2593,0,1.00,4,0,2
3,7,0,0,0.2963,0,1.00,3,1,0
3,8,0,0,0.3457,0,1.00,4,0,1
3,9,0,0,0.3951,0,1.00,4,1,1
3,10,0,0,0.4321,0,1.00,3,0,1
3,11,0,1,0.3333,51,1.00,1,0,0
3,12,0,0,0.3827,0,1.00,4,2,0
3,13,0,0,0.4321,0,1.00,4,0,0
3,14,0,0,0.4691,0,1.00,3,0,1
3,15,0,0,0.5185,0,1.00,4,1,2
3,16,0,1,0.4568,6,1.00,4,0,0
3,17,0,0,0.4938,0,1.00,3,2,0
3,18,0,1,0.4198,4,1.00,3,1,1
3,19,0,0,0.4691,0,1.00,4,2,0
3,20,0,0,0.4938,0,1.00,2,0,0
3,21,1,1,0.4938,617,1.00,9,3,1
3,22,1,1,0.4321,31,1.10,4,0,1
3,23,1,0,0.4691,0,1.00,3,0,0
3,24,1,0,0.5062,0,1.00,3,1,0
3,25,1,0,0.5556,0,1.00,4,1,0
3,26,1,3,0.3086,4874,1.00,1,0,0
3,27,1,0,0.3580,0,1.00,4,1,1
3,28,1,0,0.4074,0,1.00,4,1,0
3,29,1,0,0.4568,0,1.00,4,2,0
3,30,1,0,0.5062,0,1.00,4,1,1
3,31,1,0,0.5556,0,1.00,4,1,1
3,32,1,1,0.4938,19,1.00,4,1,0
3,33,1,0,0.5432,0,1.00,4,2,0
3,34,1,0,0.5926,0,1.00,4,1,0
3,35,2,1,0.5185,56097,1.00,3,3,0
3,36,2,1,0.4568,-609,1.10,4,1,0
3,37,2,0,0.4938,0,1.00,3,1,0
3,38,2,0,0.5432,0,1.00,4,1,0
3,39,2,0,0.5926,0,1.00,4,2,0
3,40,2,0,0.6173,0,1.00,2,1,0
3,41,2,1,0.5432,-78,1.00,3,2,0
3,42,2,1,0.4691,58,1.10,3,1,0
3,43,2,0,0.5185,0,1.00,4,0,0
3,44,2,1,0.4444,164,1.00,3,2,0
4,1,0,0,0.0494,0,1.00,4,1,2
4,2,0,0,0.0988,0,1.00,4,0,1
4,3,0,0,0.1481,0,1.00,4,1,0
4,4,0,0,0.1975,0,1.00,4,0,1
4,5,0,0,0.2346,0,1.00,3,1,0
4,6,0,0,0.2716,0,1.00,3,1,1
4,7,0,0,0.3086,0,1.00,3,1,0
4,8,0,0,0.3457,0,1.00,3,1,1
4,9,0,0,0.3827,0,1.00,3,1,2
4,10,0,0,0.4321,0,1.00,4,1,0
4,11,0,0,0.4815,0,1.00,4,0,0
4,12,0,0,0.5309,0,1.00,4,1,1
4,13,0,0,0.5802,0,1.00,4,2,0
4,14,0,0,0.6296,0,1.00,4,0,1
4,15,0,1,0.5556,44342,1.00,3,1,0
4,16,0,1,0.4568,7466,1.10,1,0,1
4,17,0,0,0.5062,0,1.00,4,1,0
4,18,0,1,0.4444,275,1.00,4,1,0
4,19,0,0,0.4938,0,1.00,4,0,0
4,20,0,0,0.5062,0,1.00,1,0,0
4,21,0,0,0.5556,0,1.00,4,2,0
4,22,1,1,0.4691,444733454,1.00,2,0,0
4,23,1,1,0.4074,895,1.10,4,2,0
4,24,1,0,0.4568,0,1.00,4,1,0
4,25,1,0,0.5062,0,1.00,4,1,0
4,26,1,1,0.4321,595361,1.00,3,0,1
4,27,1,1,0.3704,71206,1.10,4,0,1
4,28,1,0,0.4198,0,1.00,4,2,1
4,29,1,1,0.3580,157,1.00,4,0,1
4,30,1,0,0.4198,0,1.00,5,0,0
4,31,1,0,0.4691,0,1.00,4,0,1
4,32,1,1,0.4074,99,1.00,4,2,0
4,33,1,0,0.4568,0,1.00,4,1,0
4,34,1,0,0.4938,0,1.00,3,1,0
4,35,1,0,0.5309,0,1.00,3,0,1
4,36,1,0,0.5802,0,1.00,4,2,1
4,37,1,0,0.6049,0,1.00,2,1,0
4,38,1,0,0.6543,0,1.00,4,2,1
4,39,1,0,0.7037,0,1.00,4,3,0
4,40,2,2,0.5432,23372,1.00,2,1,0
4,41,2,0,0.5926,0,1.00,4,3,0
4,42,2,0,0.6420,0,1.00,4,0,0
5,1,0,0,0.0494,0,1.00,4,0,2
5,2,0,0,0.0988,0,1.00,4,3,1
5,3,0,0,0.1481,0,1.00,4,0,1
5,4,0,0,0.1852,0,1.00,3,0,0
5,5,0,0,0.2346,0,1.00,4,2,2
5,6,0,0,0.2840,0,1.00,4,2,1
5,7,0,0,0.3333,0,1.00,4,1,0
5,8,0,0,0.3827,0,1.00,4,2,0
5,9,0,0,0.4321,0,1.00,4,1,1
5,10,0,0,0.4691,0,1.00,3,1,0
5,11,0,0,0.5185,0,1.00,4,1,0
5,12,0,0,0.5679,0,1.00,4,1,1
5,13,0,0,0.6173,0,1.00,4,2,1
5,14,0,0,0.6543,0,1.00,3,2,0
5,15,0,0,0.6914,0,1.00,3,0,0
5,16,0,1,0.6173,77,1.00,3,1,1
5,17,0,1,0.5432,5743,1.10,3,0,0
5,18,1,2,0.4074,-267,1.20,4,1,1
5,19,1,0,0.4568,0,1.00,4,1,0
5,20,1,1,0.3951,522,1.00,4,0,1
5,21,1,0,0.4444,0,1.00,4,0,2
5,22,1,1,0.3704,14,1.00,3,2,0
5,23,1,0,0.4198,0,1.00,4,1,0
5,24,1,0,0.4691,0,1.00,4,3,0
5,25,1,1,0.4074,95,1.00,4,0,0
5,26,1,0,0.4568,0,1.00,4,1,0
6,1,0,0,0.0494,0,1.00,4,1,2
6,2,0,0,0.0988,0,1.00,4,2,1
6,3,0,0,0.1481,0,1.00,4,1,0
6,4,0,0,0.1728,0,1.00,2,0,0
6,5,0,0,0.2346,0,1.00,5,1,2
6,6,0,0,0.2840,0,1.00,4,0,0
6,7,0,0,0.3210,0,1.00,3,0,0
6,8,0,0,0.3704,0,1.00,4,1,0
6,9,0,0,0.3951,0,1.00,2,1,0
6,10,0,0,0.4074,0,1.00,1,1,0
6,11,0,0,0.4444,0,1.00,3,1,0
6,12,0,1,0.3457,-29,1.00,1,0,1
6,13,0,0,0.3580,0,1.00,1,0,0
6,14,0,0,0.3951,0,1.00,3,2,1
6,15,0,0,0.4321,0,1.00,3,0,0
6,16,0,0,0.4691,0,1.00,3,1,0
6,17,0,0,0.5185,0,1.00,4,1,0
6,18,0,1,0.4568,903,1.00,4,0,1
6,19,0,1,0.4074,12,1.10,5,1,3
6,20,0,0,0.4321,0,1.00,2,1,0
6,21,1,1,0.3704,112,1.00,4,1,3
6,22,1,0,0.3827,0,1.00,1,0,0
6,23,1,0,0.4321,0,1.00,4,0,1
6,24,1,0,0.4815,0,1.00,4,2,0
6,25,1,0,0.5309,0,1.00,4,2,0
6,26,1,1,0.4568,-11,1.00,3,0,0
6,27,1,1,0.3951,87,1.10,4,0,0
6,28,1,0,0.4568,0,1.00,5,0,0
6,29,1,0,0.5062,0,1.00,4,3,0
6,30,1,0,0.5556,0,1.00,4,2,1
6,31,1,0,0.5926,0,1.00,3,2,0
6,32,1,1,0.5185,105,1.00,3,1,0
6,33,1,0,0.5679,0,1.00,4,1,1
6,34,1,1,0.5062,348,1.00,4,4,0
6,35,1,1,0.4444,86,1.10,4,1,1
6,36,1,0,0.4938,0,1.00,4,1,0
6,37,1,0,0.5432,0,1.00,4,1,0
6,38,2,1,0.4691,1719,1.00,3,1,0
6,39,2,0,0.5185,0,1.00,4,2,0
6,40,2,0,0.5679,0,1.00,4,2,0
6,41,2,0,0.6296,0,1.00,5,1,1
6,42,2,1,0.5679,8,1.00,4,3,1
6,43,2,0,0.6173,0,1.00,4,3,0
6,44,2,0,0.6667,0,1.00,4,0,1
7,1,0,0,0.0494,0,1.00,4,2,1
7,2,0,0,0.0988,0,1.00,4,2,0
7,3,0,0,0.1481,0,1.00,4,0,2
7,4,0,0,0.1975,0,1.00,4,1,2
7,5,0,0,0.2346,0,1.00,3,0,0
7,6,0,0,0.2840,0,1.00,4,2,0
7,7,0,0,0.3333,0,1.00,4,0,2
7,8,0,0,0.3827,0,1.00,4,4,0
7,9,0,0,0.4321,0,1.00,4,0,1
7,10,0,0,0.4815,0,1.00,4,1,1
7,11,0,1,0.4198,69,1.00,4,2,1
7,12,0,0,0.4691,0,1.00,4,1,2
7,13,0,1,0.4074,5,1.00,4,0,1
7,14,0,0,0.4568,0,1.00,4,1,0
7,15,0,1,0.3951,5,1.00,4,1,0
7,16,0,0,0.4568,0,1.00,5,1,0
7,17,0,0,0.4938,0,1.00,3,1,1
7,18,0,0,0.5309,0,1.00,3,1,0
7,19,1,1,0.4691,850,1.00,4,1,2
7,20,1,0,0.5062,0,1.00,3,0,0
7,21,1,0,0.5556,0,1.00,4,3,0
7,22,1,0,0.6049,0,1.00,4,3,0
7,23,1,0,0.6420,0,1.00,3,0,1
8,1,0,0,0.0494,0,1.00,4,1,1
8,2,0,0,0.0617,0,1.00,1,0,0
8,3,0,0,0.1111,0,1.00,4,0,1
8,4,0,0,0.1481,0,1.00,3,1,0
8,5,0,0,0.1728,0,1.00,2,1,0
8,6,0,0,0.2222,0,1.00,4,1,0
8,7,0,0,0.2593,0,1.00,3,0,0
8,8,0,0,0.3086,0,1.00,4,1,0
8,9,0,0,0.3580,0,1.00,4,2,0
8,10,0,0,0.3704,0,1.00,1,0,0
8,11,0,0,0.4198,0,1.00,4,0,1
8,12,0,0,0.4691,0,1.00,4,1,0
8,13,0,0,0.4938,0,1.00,2,1,0
8,14,0,1,0.4321,3317,1.00,4,2,0
8,15,0,0,0.4815,0,1.00,4,1,1
8,16,0,0,0.5309,0,1.00,4,0,0
8,17,0,0,0.5802,0,1.00,4,0,2
8,18,0,0,0.6296,0,1.00,4,0,0
8,19,0,0,0.6543,0,1.00,2,1,0
8,20,0,1,0.5926,-536,1.00,4,1,2
8,21,0,0,0.6420,0,1.00,4,0,0
8,22,0,0,0.6667,0,1.00,2,0,0
9,1,0,0,0.0494,0,1.00,4,2,0
9,2,0,0,0.0864,0,1.00,3,0,1
9,3,0,0,0.1358,0,1.00,4,1,0
9,4,0,0,0.1852,0,1.00,4,0,0
9,5,0,0,0.2346,0,1.00,4,1,1
9,6,0,0,0.2840,0,1.00,4,2,0
9,7,0,0,0.2963,0,1.00,1,0,0
9,8,0,1,0.2963,17,1.00,9,3,3
9,9,0,0,0.3457,0,1.00,4,2,0
9,10,0,0,0.3951,0,1.00,4,1,2
9,11,0,0,0.4444,0,1.00,4,2,0
9,12,0,0,0.4815,0,1.00,3,1,0
9,13,0,0,0.5309,0,1.00,4,0,1
9,14,0,0,0.5926,0,1.00,5,2,0
9,15,0,1,0.5309,-2273,1.00,4,1,1
9,16,0,1,0.4568,-16,1.10,3,1,0
9,17,0,0,0.5062,0,1.00,4,1,1
9,18,1,1,0.4444,3485,1.00,4,2,0
9,19,1,0,0.4938,0,1.00,4,3,0
9,20,1,0,0.5432,0,1.00,4,0,2
9,21,1,1,0.4691,39,1.00,3,1,0
9,22,1,0,0.5185,0,1.00,4,3,0
9,23,1,1,0.4568,24,1.00,4,3,0
9,24,1,0,0.5062,0,1.00,4,4,0
9,25,1,0,0.5556,0,1.00,4,0,0
9,26,1,0,0.5679,0,1.00,1,0,0
9,27,1,0,0.6173,0,1.00,4,1,0
9,28,1,1,0.5556,-37,1.00,4,3,1
9,29,1,0,0.6049,0,1.00,4,2,0
9,30,1,0,0.6543,0,1.00,4,2,0
9,31,1,0,0.7037,0,1.00,4,1,1
10,1,0,0,0.0370,0,1.00,3,0,2
10,2,0,0,0.0864,0,1.00,4,2,1
10,3,0,0,0.1358,0,1.00,4,2,0
10,4,0,0,0.1728,0,1.00,3,1,0
10,5,0,0,0.2099,0,1.00,3,0,0
10,6,0,0,0.2716,0,1.00,5,3,1
10,7,0,0,0.3210,0,1.00,4,1,0
10,8,0,0,0.3457,0,1.00,2,1,0
10,9,0,1,0.3457,4213613,1.00,9,1,1
10,10,0,0,0.3951,0,1.00,4,0,0
10,11,0,0,0.4444,0,1.00,4,0,0
10,12,0,0,0.4815,0,1.00,3,0,0
10,13,0,0,0.5185,0,1.00,3,1,1
10,14,0,1,0.4568,3,1.00,4,0,1
10,15,0,0,0.5062,0,1.00,4,1,1
10,16,0,0,0.5556,0,1.00,4,1,1
10,17,0,1,0.4815,32564,1.00,3,0,0
10,18,0,0,0.5309,0,1.00,4,0,1
10,19,1,1,0.4691,860,1.00,4,1,1
10,20,1,0,0.5185,0,1.00,4,1,1
10,21,1,0,0.5309,0,1.00,1,1,0
10,22,1,0,0.5802,0,1.00,4,0,0
10,23,1,0,0.6296,0,1.00,4,2,0
11,1,0,0,0.0494,0,1.00,4,1,1
11,2,0,0,0.0988,0,1.00,4,2,0
11,3,0,0,0.1481,0,1.00,4,1,1
11,4,0,0,0.1975,0,1.00,4,0,1
11,5,0,0,0.2469,0,1.00,4,1,1
11,6,0,0,0.2963,0,1.00,4,0,1
11,7,0,1,0.2346,6,1.00,4,2,0
11,8,0,0,0.2840,0,1.00,4,1,0
11,9,0,1,0.2222,4393,1.00,4,1,1
11,10,0,1,0.1605,32,1.10,4,2,1
11,11,0,0,0.2099,0,1.00,4,0,1
11,12,0,0,0.2593,0,1.00,4,0,1
11,13,0,0,0.3086,0,1.00,4,3,0
11,14,0,0,0.3580,0,1.00,4,1,0
11,15,0,0,0.3951,0,1.00,3,0,2
11,16,0,0,0.4444,0,1.00,4,2,0
11,17,0,0,0.4938,0,1.00,4,2,1
11,18,0,0,0.5432,0,1.00,4,1,0
11,19,0,0,0.5802,0,1.00,3,1,0
11,20,0,0,0.6296,0,1.00,4,3,0
12,1,0,0,0.0494,0,1.00,4,1,0
12,2,0,0,0.0988,0,1.00,4,1,0
12,3,0,0,0.1481,0,1.00,4,1,0
12,4,0,0,0.1975,0,1.00,4,1,0
12,5,0,0,0.2222,0,1.00,2,0,0
12,6,0,0,0.2716,0,1.00,4,0,0
12,7,0,0,0.3086,0,1.00,3,2,0
12,8,0,0,0.3580,0,1.00,4,0,0
12,9,0,0,0.3827,0,1.00,2,0,1
12,10,0,0,0.3951,0,1.00,1,0,1
12,11,0,0,0.4444,0,1.00,4,1,1
12,12,0,0,0.4938,0,1.00,4,1,1
12,13,0,1,0.4321,313,1.00,4,1,2
12,14,0,1,0.3457,4544,1.10,2,0,2
12,15,0,0,0.3951,0,1.00,4,1,0
12,16,0,1,0.3333,1431312,1.00,4,0,0
12,17,0,0,0.3827,0,1.00,4,1,1
12,18,0,0,0.4321,0,1.00,4,1,1
12,19,1,1,0.3333,27,1.00,1,0,0
12,20,1,0,0.3827,0,1.00,4,2,0
12,21,1,1,0.3827,11729,1.00,9,1,2
12,22,1,0,0.4198,0,1.00,3,0,0
12,23,1,0,0.4691,0,1.00,4,2,1
12,24,1,0,0.5185,0,1.00,4,1,1
12,25,1,0,0.5679,0,1.00,4,0,0
12,26,1,0,0.6173,0,1.00,4,1,0
12,27,1,0,0.6667,0,1.00,4,2,0
13,1,0,0,0.0370,0,1.00,3,0,0
13,2,0,0,0.0864,0,1.00,4,0,0
13,3,0,0,0.1358,0,1.00,4,0,0
13,4,0,0,0.1852,0,1.00,4,1,0
13,5,0,1,0.1852,-19,1.00,9,4,1
13,6,0,0,0.2469,0,1.00,5,0,1
13,7,0,0,0.2963,0,1.00,4,0,1
13,8,0,1,0.2963,51,1.00,9,2,3
13,9,0,0,0.3457,0,1.00,4,2,0
13,10,0,0,0.3951,0,1.00,4,0,3
13,11,0,0,0.4444,0,1.00,4,1,0
13,12,0,0,0.4691,0,1.00,2,1,0
13,13,0,0,0.5185,0,1.00,4,1,0
13,14,0,0,0.5679,0,1.00,4,1,0
13,15,0,1,0.4938,678,1.00,3,1,1
13,16,0,0,0.5432,0,1.00,4,0,2
13,17,1,1,0.4815,1125,1.00,4,1,0
13,18,1,0,0.5062,0,1.00,2,1,0
13,19,1,0,0.5432,0,1.00,3,0,1
13,20,1,0,0.5926,0,1.00,4,2,0
13,21,1,0,0.6420,0,1.00,4,0,0
14,1,0,0,0.0494,0,1.00,4,1,2
14,2,0,0,0.0988,0,1.00,4,1,2
14,3,0,0,0.1481,0,1.00,4,1,2
14,4,0,0,0.1852,0,1.00,3,0,1
14,5,0,0,0.1975,0,1.00,1,0,0
14,6,0,0,0.2469,0,1.00,4,1,1
14,7,0,0,0.2963,0,1.00,4,2,1
14,8,0,1,0.2346,248,1.00,4,0,0
14,9,0,0,0.2963,0,1.00,5,1,2
14,10,0,0,0.3457,0,1.00,4,1,0
14,11,0,0,0.3951,0,1.00,4,1,1
14,12,0,0,0.4568,0,1.00,5,0,0
14,13,0,0,0.4938,0,1.00,3,1,2
14,14,0,0,0.5309,0,1.00,3,0,0
14,15,0,1,0.4691,111,1.00,4,1,1
14,16,0,1,0.4074,255,1.10,4,2,0
14,17,0,0,0.4691,0,1.00,5,2,0
14,18,0,0,0.5062,0,1.00,3,1,1
14,19,0,0,0.5556,0,1.00,4,0,2
14,20,1,1,0.4938,449,1.00,4,0,0
14,21,1,0,0.5432,0,1.00,4,2,0
14,22,1,1,0.4691,59830,1.00,3,1,1
14,23,1,1,0.4074,13,1.10,4,0,1
14,24,1,1,0.3210,88,1.20,2,1,0
14,25,1,0,0.3457,0,1.00,2,0,1
14,26,1,0,0.3951,0,1.00,4,3,0
14,27,1,0,0.4444,0,1.00,4,2,1
14,28,1,1,0.3827,31564,1.00,4,1,0
14,29,1,0,0.4321,0,1.00,4,1,0
15,1,0,0,0.0247,0,1.00,2,0,0
15,2,0,0,0.0741,0,1.00,4,2,1
15,3,0,0,0.1111,0,1.00,3,1,0
15,4,0,0,0.1605,0,1.00,4,1,2
15,5,0,0,0.1975,0,1.00,3,0,0
15,6,0,0,0.2469,0,1.00,4,1,2
15,7,0,1,0.2469,2234,1.00,9,0,2
15,8,0,0,0.2963,0,1.00,4,0,1
15,9,0,0,0.3457,0,1.00,4,0,2
15,10,0,0,0.3951,0,1.00,4,2,0
15,11,0,0,0.4444,0,1.00,4,1,1
15,12,0,1,0.3827,47160,1.00,4,1,0
15,13,0,0,0.4198,0,1.00,3,0,1
15,14,0,0,0.4568,0,1.00,3,2,0
15,15,0,0,0.5062,0,1.00,4,0,1
15,16,0,0,0.5556,0,1.00,4,1,1
15,17,0,0,0.6049,0,1.00,4,1,2
15,18,0,0,0.6543,0,1.00,4,3,0
15,19,1,2,0.4938,26466,1.00,4,1,0
15,20,1,1,0.4321,423,1.10,4,2,2
15,21,1,1,0.3704,149,1.20,4,0,0
15,22,1,1,0.3086,0,1.30,4,2,0
15,23,1,1,0.2469,24,1.40,4,3,0
15,24,1,1,0.1852,9239,1.50,4,0,0
15,25,1,0,0.2346,0,1.00,4,2,0
15,26,1,0,0.2840,0,1.00,4,3,0
15,27,1,0,0.3333,0,1.00,4,2,1
15,28,1,0,0.3827,0,1.00,4,2,1
15,29,1,0,0.4321,0,1.00,4,2,0
15,30,1,0,0.4815,0,1.00,4,2,0
15,31,1,0,0.5309,0,1.00,4,2,1
15,32,1,0,0.5802,0,1.00,4,1,1
15,33,2,1,0.5185,-432,1.00,4,0,0
15,34,2,1,0.4568,3870,1.10,4,2,0
15,35,2,0,0.5062,0,1.00,4,2,0
15,36,2,1,0.4444,9,1.00,4,2,0
15,37,2,0,0.4938,0,1.00,4,0,1
15,38,2,0,0.5432,0,1.00,4,2,1
15,39,2,0,0.5926,0,1.00,4,2,0
15,40,2,1,0.5062,15,1.00,2,1,0
15,41,2,0,0.5432,0,1.00,3,0,0
15,42,2,0,0.5926,0,1.00,4,0,1
15,43,2,0,0.6420,0,1.00,4,2,1
15,44,2,2,0.5185,12987394,1.00,5,2,0
15,45,2,0,0.5679,0,1.00,4,2,1
15,46,2,0,0.6049,0,1.00,3,2,0
16,1,0,0,0.0494,0,1.00,4,1,1
16,2,0,1,0.0494,41427,1.00,9,2,1
16,3,0,0,0.0988,0,1.00,4,0,1
16,4,0,0,0.1235,0,1.00,2,1,0
16,5,0,0,0.1728,0,1.00,4,2,0
16,6,0,0,0.2099,0,1.00,3,2,1
16,7,0,0,0.2593,0,1.00,4,0,0
16,8,0,0,0.3086,0,1.00,4,0,3
16,9,0,0,0.3580,0,1.00,4,1,0
16,10,0,0,0.3951,0,1.00,3,0,1
16,11,0,0,0.4444,0,1.00,4,0,0
16,12,0,0,0.4938,0,1.00,4,1,0
16,13,0,1,0.4321,5116,1.00,4,1,1
16,14,0,0,0.4568,0,1.00,2,0,0
16,15,0,0,0.4938,0,1.00,3,1,1
16,16,0,1,0.4321,6154,1.00,4,2,1
16,17,0,0,0.4815,0,1.00,4,2,0
16,18,0,0,0.5185,0,1.00,3,1,0
16,19,1,1,0.4568,40,1.00,4,3,0
16,20,1,1,0.3951,-29,1.10,4,1,0
16,21,1,1,0.3086,25,1.20,2,2,0
16,22,1,0,0.3580,0,1.00,4,2,1
16,23,1,0,0.3951,0,1.00,3,2,0
16,24,1,0,0.4444,0,1.00,4,2,0
17,1,0,0,0.0123,0,1.00,1,1,0
17,2,0,0,0.0494,0,1.00,3,1,1
17,3,0,0,0.0617,0,1.00,1,1,0
17,4,0,0,0.1111,0,1.00,4,0,0
17,5,0,0,0.1605,0,1.00,4,0,2
17,6,0,0,0.2099,0,1.00,4,1,3
17,7,0,0,0.2593,0,1.00,4,0,0
17,8,0,0,0.2716,0,1.00,1,0,0
17,9,0,1,0.1975,2,1.00,3,0,2
17,10,0,0,0.2469,0,1.00,4,0,1
17,11,0,0,0.2840,0,1.00,3,2,0
17,12,0,0,0.3210,0,1.00,3,1,2
17,13,0,1,0.3210,13,1.00,9,2,3
17,14,0,0,0.3704,0,1.00,4,3,0
17,15,0,0,0.4074,0,1.00,3,0,0
17,16,0,0,0.4568,0,1.00,4,1,1
17,17,0,0,0.5062,0,1.00,4,2,0
17,18,0,0,0.5432,0,1.00,3,2,0
17,19,0,1,0.4815,69,1.00,4,1,2
17,20,0,0,0.5309,0,1.00,4,0,2
17,21,1,1,0.4691,4,1.00,4,1,1
17,22,1,1,0.4074,4,1.10,4,0,2
17,23,1,0,0.4568,0,1.00,4,2,0
17,24,1,0,0.4691,0,1.00,1,1,0
17,25,1,0,0.5185,0,1.00,4,0,1
17,26,1,0,0.5679,0,1.00,4,2,0
17,27,1,1,0.5062,9,1.00,4,2,1
17,28,1,0,0.5556,0,1.00,4,4,0
17,29,1,0,0.6049,0,1.00,4,1,0
17,30,1,1,0.5432,4779,1.00,4,1,0
17,31,1,0,0.5926,0,1.00,4,1,1
17,32,1,1,0.5309,21,1.00,4,2,0
17,33,1,1,0.4691,-159,1.10,4,2,1
17,34,1,0,0.4815,0,1.00,1,0,0
17,35,1,0,0.5309,0,1.00,4,1,0
17,36,1,0,0.5556,0,1.00,2,2,0
17,37,1,0,0.5679,0,1.00,1,0,0
17,38,1,0,0.5926,0,1.00,2,0,0
17,39,1,0,0.6420,0,1.00,4,2,0
17,40,1,0,0.6914,0,1.00,4,2,0
17,41,2,1,0.6296,261,1.00,4,1,0
17,42,2,1,0.5679,55,1.10,4,1,1
17,43,2,0,0.6049,0,1.00,3,2,0
17,44,2,1,0.5432,-589,1.00,4,1,1
17,45,2,0,0.5926,0,1.00,4,1,1
17,46,2,0,0.6296,0,1.00,3,2,0
17,47,2,0,0.6667,0,1.00,3,2,0
17,48,2,1,0.5802,81,1.00,2,0,1
17,49,2,0,0.6296,0,1.00,4,3,0
17,50,2,0,0.6790,0,1.00,4,1,0
17,51,2,2,0.5062,164,1.00,1,1,0
17,52,2,0,0.5556,0,1.00,4,3,0
17,53,2,0,0.6049,0,1.00,4,0,0
17,54,2,0,0.6543,0,1.00,4,0,0
17,55,2,1,0.5556,80,1.00,1,0,0
17,56,2,0,0.5926,0,1.00,3,1,0
17,57,2,0,0.6420,0,1.00,4,2,0
17,58,2,1,0.5432,242,1.00,1,1,0
17,59,2,0,0.5926,0,1.00,4,1,0
17,60,2,0,0.6173,0,1.00,2,0,0
17,61,2,0,0.6667,0,1.00,4,2,0
18,1,0,0,0.0494,0,1.00,4,0,0
18,2,0,0,0.0988,0,1.00,4,0,1
18,3,0,0,0.1358,0,1.00,3,0,0
18,4,0,0,0.1728,0,1.00,3,0,1
18,5,0,0,0.2222,0,1.00,4,1,0
18,6,0,0,0.2469,0,1.00,2,0,0
18,7,0,0,0.2963,0,1.00,4,1,0
18,8,0,0,0.3457,0,1.00,4,2,0
18,9,0,0,0.3827,0,1.00,3,1,0
18,10,0,0,0.4198,0,1.00,3,1,1
18,11,0,1,0.3457,111,1.00,3,2,0
18,12,0,0,0.3827,0,1.00,3,1,1
18,13,0,1,0.3827,83,1.00,9,2,2
18,14,0,1,0.3210,3538,1.10,4,2,0
18,15,0,0,0.3704,0,1.00,4,1,0
18,16,0,0,0.4198,0,1.00,4,0,1
18,17,0,0,0.4568,0,1.00,3,1,0
18,18,0,0,0.5062,0,1.00,4,0,0
18,19,0,0,0.5556,0,1.00,4,0,1
18,20,1,1,0.4815,354913,1.00,3,1,0
18,21,1,0,0.5185,0,1.00,3,0,0
18,22,1,0,0.5679,0,1.00,4,1,0
18,23,1,0,0.6173,0,1.00,4,2,1
18,24,1,0,0.6667,0,1.00,4,0,1
19,1,0,0,0.0494,0,1.00,4,2,0
19,2,0,0,0.0617,0,1.00,1,0,0
19,3,0,0,0.1111,0,1.00,4,2,0
19,4,0,0,0.1605,0,1.00,4,3,0
19,5,0,0,0.2099,0,1.00,4,2,1
19,6,0,0,0.2346,0,1.00,2,1,0
19,7,0,0,0.2840,0,1.00,4,0,1
19,8,0,0,0.3333,0,1.00,4,1,0
19,9,0,0,0.3827,0,1.00,4,0,0
19,10,0,0,0.4321,0,1.00,4,1,0
19,11,0,1,0.3704,51,1.00,4,1,1
19,12,0,0,0.4074,0,1.00,3,0,0
19,13,0,0,0.4444,0,1.00,3,0,0
19,14,0,0,0.4815,0,1.00,3,0,1
19,15,0,1,0.4198,786,1.00,4,2,0
19,16,0,0,0.4568,0,1.00,3,1,1
19,17,0,1,0.3827,5133,1.00,3,1,1
19,18,0,0,0.4074,0,1.00,2,0,1
19,19,0,0,0.4568,0,1.00,4,0,2
19,20,0,0,0.5062,0,1.00,4,1,1
19,21,1,1,0.4444,176269,1.00,4,1,0
19,22,1,0,0.4938,0,1.00,4,3,0
19,23,1,1,0.4321,173,1.00,4,1,1
19,24,1,1,0.3580,0,1.10,3,2,0
19,25,1,0,0.4074,0,1.00,4,2,0
20,1,0,0,0.0370,0,1.00,3,0,0
20,2,0,0,0.0741,0,1.00,3,1,0
20,3,0,0,0.1235,0,1.00,4,1,1
20,4,0,0,0.1605,0,1.00,3,1,1
20,5,0,0,0.2099,0,1.00,4,2,0
20,6,0,0,0.2593,0,1.00,4,0,0
20,7,0,0,0.3086,0,1.00,4,2,0
20,8,0,1,0.2469,3,1.00,4,1,1
20,9,0,0,0.2963,0,1.00,4,1,0
20,10,0,0,0.3333,0,1.00,3,0,0
20,11,0,0,0.3827,0,1.00,4,2,1
20,12,0,0,0.4321,0,1.00,4,1,0
20,13,0,1,0.3580,255,1.00,3,0,0
20,14,0,0,0.4074,0,1.00,4,0,1
20,15,0,1,0.3086,414,1.00,1,0,1
20,16,0,0,0.3580,0,1.00,4,0,3
20,17,0,0,0.4074,0,1.00,4,2,0
20,18,0,0,0.4568,0,1.00,4,2,0
20,19,0,0,0.4938,0,1.00,3,0,0
20,20,1,1,0.4321,633,1.00,4,0,0
20,21,1,0,0.4815,0,1.00,4,1,0
20,22,1,1,0.4198,23,1.00,4,2,1
20,23,1,0,0.4691,0,1.00,4,1,0
20,24,1,0,0.5185,0,1.00,4,2,0
20,25,1,1,0.4444,339,1.00,3,2,0
20,26,1,0,0.4815,0,1.00,3,1,0
20,27,1,0,0.5309,0,1.00,4,1,0
20,28,1,0,0.5679,0,1.00,3,3,0
20,29,1,1,0.4938,763,1.00,3,2,0
20,30,1,0,0.5185,0,1.00,2,0,1
20,31,1,0,0.5679,0,1.00,4,1,0
21,1,0,1,0.0000,6,1.00,9,3,3
21,2,0,0,0.0494,0,1.00,4,2,0
21,3,0,0,0.0864,0,1.00,3,1,1
21,4,0,0,0.1235,0,1.00,3,0,0
21,5,0,0,0.1728,0,1.00,4,1,2
21,6,0,0,0.2222,0,1.00,4,0,2
21,7,0,0,0.2716,0,1.00,4,2,1
21,8,0,0,0.3333,0,1.00,5,1,1
21,9,0,0,0.3951,0,1.00,5,4,0
21,10,0,0,0.4444,0,1.00,4,1,1
21,11,0,0,0.4938,0,1.00,4,1,0
21,12,0,1,0.4321,2336,1.00,4,0,1
21,13,0,1,0.3704,493,1.10,4,1,1
21,14,0,0,0.4198,0,1.00,4,1,0
21,15,0,0,0.4691,0,1.00,4,1,0
21,16,0,0,0.5185,0,1.00,4,1,1
21,17,0,0,0.5679,0,1.00,4,1,1
21,18,0,0,0.6173,0,1.00,4,2,0
21,19,1,1,0.5556,-270,1.00,4,1,1
21,20,1,1,0.4815,327,1.10,3,2,0
21,21,1,0,0.5309,0,1.00,4,1,0
21,22,1,1,0.4691,2090,1.00,4,2,1
21,23,1,0,0.5185,0,1.00,4,1,1
21,24,1,1,0.4568,-24,1.00,4,1,1
21,25,1,0,0.4938,0,1.00,3,2,1
21,26,1,1,0.4074,63,1.00,2,1,0
21,27,1,0,0.4321,0,1.00,2,1,0
21,28,1,1,0.3827,65,1.00,5,3,0
21,29,1,0,0.4198,0,1.00,3,1,0
21,30,1,0,0.4691,0,1.00,4,1,0
21,31,1,0,0.5185,0,1.00,4,2,0
21,32,1,0,0.5679,0,1.00,4,1,1
21,33,1,0,0.6173,0,1.00,4,1,0
21,34,2,1,0.5556,1830,1.00,4,2,0
21,35,2,0,0.6049,0,1.00,4,2,1
21,36,2,0,0.6420,0,1.00,3,1,0
21,37,2,1,0.5556,-10,1.00,2,0,1
21,38,2,1,0.4938,-12,1.10,4,1,0
21,39,2,0,0.5432,0,1.00,4,1,1
21,40,2,0,0.5802,0,1.00,3,2,1
21,41,2,0,0.6173,0,1.00,3,1,1
22,1,0,0,0.0617,0,1.00,5,2,1
22,2,0,0,0.1111,0,1.00,4,2,0
22,3,0,0,0.1605,0,1.00,4,1,1
22,4,0,0,0.2099,0,1.00,4,1,1
22,5,0,0,0.2593,0,1.00,4,0,0
22,6,0,0,0.3086,0,1.00,4,2,1
22,7,0,0,0.3580,0,1.00,4,1,1
22,8,0,1,0.3580,-64,1.00,9,2,1
22,9,0,0,0.4074,0,1.00,4,1,0
22,10,0,0,0.4444,0,1.00,3,1,0
22,11,0,0,0.4938,0,1.00,4,0,2
22,12,0,0,0.5309,0,1.00,3,2,1
22,13,0,1,0.4691,0,1.00,4,0,1
22,14,0,0,0.5062,0,1.00,3,1,0
22,15,0,1,0.4321,27,1.00,3,2,0
22,16,0,0,0.4815,0,1.00,4,1,0
22,17,1,1,0.4198,85,1.00,4,1,0
22,18,1,0,0.4691,0,1.00,4,2,1
22,19,1,0,0.5062,0,1.00,3,1,1
22,20,1,1,0.4321,-41,1.00,3,1,0
22,21,1,0,0.4815,0,1.00,4,1,1
22,22,1,1,0.4198,33,1.00,4,1,0
22,23,1,1,0.3580,732,1.10,4,1,3
22,24,1,0,0.4198,0,1.00,5,1,1
22,25,1,0,0.4691,0,1.00,4,2,0
22,26,1,0,0.5185,0,1.00,4,2,0
22,27,1,1,0.4321,19605,1.00,2,0,0
22,28,1,1,0.3704,107,1.10,4,2,0
22,29,1,0,0.4198,0,1.00,4,1,0
22,30,1,0,0.4815,0,1.00,5,1,0
22,31,2,1,0.4198,7596,1.00,4,1,0
22,32,2,1,0.3580,4,1.10,4,2,0
22,33,2,0,0.4074,0,1.00,4,1,0
22,34,2,0,0.4568,0,1.00,4,1,0
22,35,2,0,0.5062,0,1.00,4,1,0
22,36,2,0,0.5432,0,1.00,3,3,0
22,37,2,0,0.5926,0,1.00,4,2,0
23,1,0,0,0.0370,0,1.00,3,1,0
23,2,0,0,0.0864,0,1.00,4,0,2
23,3,0,0,0.1358,0,1.00,4,2,0
23,4,0,1,0.1358,6316,1.00,9,1,2
23,5,0,0,0.1852,0,1.00,4,0,1
23,6,0,0,0.2469,0,1.00,5,1,1
23,7,0,0,0.3086,0,1.00,5,1,1
23,8,0,0,0.3580,0,1.00,4,1,0
23,9,0,0,0.4074,0,1.00,4,1,0
23,10,0,0,0.4568,0,1.00,4,0,2
23,11,0,0,0.4938,0,1.00,3,1,1
23,12,0,0,0.5432,0,1.00,4,1,2
23,13,0,1,0.4691,18,1.00,3,0,2
23,14,0,0,0.5185,0,1.00,4,1,1
23,15,0,0,0.5556,0,1.00,3,1,0
23,16,0,0,0.6049,0,1.00,4,1,0
23,17,0,0,0.6543,0,1.00,4,2,0
23,18,0,0,0.6914,0,1.00,3,1,0
23,19,0,1,0.6173,23,1.00,3,1,1
23,20,1,1,0.5556,671,1.10,4,1,1
23,21,1,0,0.6049,0,1.00,4,2,0
23,22,1,1,0.5432,16,1.00,4,1,0
23,23,1,0,0.5926,0,1.00,4,1,2
23,24,1,1,0.4938,5469,1.00,1,1,0
23,25,1,0,0.5432,0,1.00,4,4,0
23,26,1,0,0.5926,0,1.00,4,1,1
23,27,1,1,0.5309,35,1.00,4,0,0
23,28,1,0,0.5802,0,1.00,4,4,0
23,29,1,2,0.4074,770,1.00,4,2,2
23,30,2,1,0.3457,1248,1.10,4,2,0
23,31,2,0,0.3951,0,1.00,4,3,0
23,32,2,0,0.4444,0,1.00,4,0,1
23,33,2,1,0.3827,3587,1.00,4,0,0
23,34,2,0,0.4198,0,1.00,3,0,0
23,35,2,1,0.3580,32729,1.00,4,2,0
23,36,2,0,0.3951,0,1.00,3,3,0
23,37,2,0,0.4444,0,1.00,4,1,0
23,38,2,0,0.4938,0,1.00,4,1,1
23,39,2,0,0.5432,0,1.00,4,1,0
23,40,2,0,0.5926,0,1.00,4,3,0
23,41,2,0,0.6420,0,1.00,4,1,0
23,42,2,0,0.6914,0,1.00,4,1,0
24,1,0,0,0.0494,0,1.00,4,0,2
24,2,0,0,0.0864,0,1.00,3,1,0
24,3,0,0,0.1235,0,1.00,3,0,0
24,4,0,0,0.1728,0,1.00,4,1,1
24,5,0,1,0.1111,4,1.00,4,0,1
24,6,0,0,0.1481,0,1.00,3,1,1
24,7,0,0,0.1975,0,1.00,4,0,1
24,8,0,0,0.2346,0,1.00,3,2,0
24,9,0,0,0.2840,0,1.00,4,0,2
24,10,0,0,0.3333,0,1.00,4,2,0
24,11,0,1,0.2716,142,1.00,4,1,2
24,12,0,0,0.3086,0,1.00,3,1,0
24,13,0,1,0.2346,38,1.00,3,0,2
24,14,0,0,0.2716,0,1.00,3,1,0
24,15,0,0,0.2963,0,1.00,2,1,0
24,16,0,0,0.3457,0,1.00,4,2,1
24,17,0,0,0.3951,0,1.00,4,1,0
24,18,0,0,0.4444,0,1.00,4,1,0
24,19,0,0,0.4938,0,1.00,4,1,0
24,20,1,1,0.4321,563,1.00,4,2,1
24,21,1,0,0.4815,0,1.00,4,2,1
24,22,1,1,0.3951,5,1.00,2,1,0
24,23,1,0,0.4444,0,1.00,4,2,0
24,24,1,0,0.4568,0,1.00,1,1,0
24,25,1,0,0.4938,0,1.00,3,1,1
24,26,1,0,0.5309,0,1.00,3,1,1
24,27,1,1,0.4691,-5,1.00,4,2,0
24,28,1,0,0.5185,0,1.00,4,1,0
24,29,1,0,0.5432,0,1.00,2,1,0
24,30,1,0,0.5802,0,1.00,3,1,0
24,31,1,0,0.6296,0,1.00,4,1,1
24,32,1,0,0.6790,0,1.00,4,2,0
25,1,0,0,0.0494,0,1.00,4,2,1
25,2,0,0,0.0988,0,1.00,4,3,0
25,3,0,0,0.1481,0,1.00,4,2,0
25,4,0,0,0.1728,0,1.00,2,1,0
25,5,0,0,0.2222,0,1.00,4,0,1
25,6,0,0,0.2593,0,1.00,3,2,0
25,7,0,1,0.2593,62,1.00,9,3,2
25,8,0,0,0.3086,0,1.00,4,0,0
25,9,0,1,0.2469,31219,1.00,4,0,2
25,10,0,0,0.3086,0,1.00,5,3,1
25,11,0,0,0.3580,0,1.00,4,2,1
25,12,0,1,0.3580,332,1.00,9,4,0
25,13,1,1,0.2963,2,1.10,4,2,2
25,14,1,0,0.3457,0,1.00,4,2,0
25,15,1,0,0.3951,0,1.00,4,2,0
25,16,1,0,0.4444,0,1.00,4,0,1
25,17,1,1,0.3827,94,1.00,4,1,0
25,18,1,0,0.4198,0,1.00,3,1,1
25,19,1,0,0.4815,0,1.00,5,3,0
25,20,1,0,0.5309,0,1.00,4,0,2
25,21,1,2,0.3951,4317,1.00,4,1,0
25,22,1,0,0.4321,0,1.00,3,0,0
25,23,1,1,0.3704,1020,1.00,4,1,0
25,24,1,0,0.4074,0,1.00,3,1,1
25,25,1,0,0.4568,0,1.00,4,0,1
25,26,1,1,0.3827,20,1.00,3,1,0
25,27,2,1,0.3210,-6,1.10,4,2,0
25,28,2,0,0.3457,0,1.00,2,1,0
25,29,2,0,0.3951,0,1.00,4,0,1
25,30,2,0,0.4444,0,1.00,4,0,1
25,31,2,1,0.3827,108,1.00,4,2,0
25,32,2,0,0.4321,0,1.00,4,1,1
25,33,2,0,0.4815,0,1.00,4,1,1
26,1,0,0,0.0247,0,1.00,2,0,0
26,2,0,0,0.0617,0,1.00,3,2,0
26,3,0,0,0.1111,0,1.00,4,0,3
26,4,0,0,0.1605,0,1.00,4,1,1
26,5,0,0,0.2099,0,1.00,4,0,0
26,6,0,0,0.2593,0,1.00,4,0,1
26,7,0,0,0.3086,0,1.00,4,0,1
26,8,0,0,0.3457,0,1.00,3,0,0
26,9,0,1,0.2840,187,1.00,4,0,3
26,10,0,0,0.3333,0,1.00,4,0,0
26,11,0,0,0.3827,0,1.00,4,3,1
26,12,0,1,0.3210,17165,1.00,4,1,1
26,13,0,0,0.3704,0,1.00,4,2,0
26,14,0,0,0.4198,0,1.00,4,2,0
26,15,0,0,0.4691,0,1.00,4,1,1
26,16,0,0,0.4815,0,1.00,1,0,1
26,17,0,0,0.5185,0,1.00,3,1,0
26,18,0,1,0.4568,528,1.00,4,1,0
26,19,1,1,0.3827,656,1.10,3,2,0
26,20,1,0,0.4321,0,1.00,4,2,1
26,21,1,0,0.4815,0,1.00,4,1,1
26,22,1,0,0.5309,0,1.00,4,2,0
26,23,1,0,0.5802,0,1.00,4,3,0
26,24,1,1,0.5185,-3062,1.00,4,1,0
26,25,1,1,0.4444,57,1.10,3,1,0
26,26,1,0,0.5062,0,1.00,5,3,1
26,27,1,0,0.5556,0,1.00,4,3,0
26,28,1,1,0.4691,54,1.00,2,1,0
26,29,1,0,0.5185,0,1.00,4,2,0
27,1,0,0,0.0494,0,1.00,4,0,1
27,2,0,0,0.0864,0,1.00,3,0,1
27,3,0,0,0.1358,0,1.00,4,0,2
27,4,0,0,0.1852,0,1.00,4,0,2
27,5,0,0,0.2222,0,1.00,3,2,0
27,6,0,0,0.2716,0,1.00,4,1,1
27,7,0,1,0.2099,27,1.00,4,1,2
27,8,0,0,0.2346,0,1.00,2,0,0
27,9,0,0,0.2840,0,1.00,4,0,1
27,10,0,0,0.3333,0,1.00,4,2,0
27,11,0,0,0.3704,0,1.00,3,2,1
27,12,0,0,0.4198,0,1.00,4,1,1
27,13,0,0,0.4568,0,1.00,3,1,0
27,14,0,1,0.3951,3314,1.00,4,0,1
27,15,0,1,0.3210,65,1.10,3,0,0
27,16,0,0,0.3704,0,1.00,4,1,2
27,17,0,0,0.4074,0,1.00,3,0,0
27,18,0,0,0.4444,0,1.00,3,0,0
27,19,0,0,0.4568,0,1.00,1,0,0
27,20,0,0,0.4938,0,1.00,3,1,1
27,21,1,1,0.4321,607,1.00,4,2,0
27,22,1,1,0.3580,-31,1.10,3,1,0
27,23,1,0,0.3951,0,1.00,3,0,0
28,1,0,0,0.0494,0,1.00,4,1,2
28,2,0,0,0.0741,0,1.00,2,1,1
28,3,0,0,0.1235,0,1.00,4,1,1
28,4,0,0,0.1358,0,1.00,1,0,0
28,5,0,0,0.1852,0,1.00,4,1,1
28,6,0,0,0.2346,0,1.00,4,1,1
28,7,0,0,0.2840,0,1.00,4,2,1
28,8,0,0,0.3210,0,1.00,3,0,0
28,9,0,2,0.2469,43,1.00,9,4,2
28,10,0,1,0.2469,23996,1.10,9,3,1
28,11,0,0,0.2716,0,1.00,2,0,1
28,12,0,0,0.3210,0,1.00,4,0,1
28,13,0,0,0.3704,0,1.00,4,2,0
28,14,0,0,0.4198,0,1.00,4,0,1
28,15,0,0,0.4691,0,1.00,4,1,1
28,16,0,0,0.5185,0,1.00,4,2,0
28,17,1,1,0.4444,1296,1.00,3,1,0
28,18,1,0,0.4938,0,1.00,4,1,0
28,19,1,0,0.5556,0,1.00,5,0,2
28,20,1,1,0.4815,517,1.00,3,1,1
28,21,1,0,0.5185,0,1.00,3,0,0
28,22,1,0,0.5679,0,1.00,4,1,1
28,23,1,1,0.5062,5,1.00,4,2,1
28,24,1,1,0.4444,0,1.10,4,1,0
28,25,1,0,0.4815,0,1.00,3,1,1
28,26,1,0,0.5309,0,1.00,4,1,0
28,27,1,0,0.5802,0,1.00,4,2,0
28,28,1,0,0.6296,0,1.00,4,0,0
29,1,0,0,0.0247,0,1.00,2,0,0
29,2,0,0,0.0617,0,1.00,3,1,0
29,3,0,0,0.1111,0,1.00,4,0,1
29,4,0,0,0.1605,0,1.00,4,1,1
29,5,0,0,0.1975,0,1.00,3,0,1
29,6,0,0,0.2469,0,1.00,4,0,0
29,7,0,0,0.2963,0,1.00,4,0,0
29,8,0,0,0.3457,0,1.00,4,0,3
29,9,0,0,0.3951,0,1.00,4,1,2
29,10,0,0,0.4444,0,1.00,4,0,1
29,11,0,0,0.4938,0,1.00,4,1,0
29,12,0,0,0.5432,0,1.00,4,2,1
29,13,0,0,0.5679,0,1.00,2,1,1
29,14,0,0,0.6173,0,1.00,4,2,2
29,15,0,0,0.6543,0,1.00,3,1,0
29,16,0,1,0.5926,2751,1.00,4,3,0
29,17,0,0,0.6420,0,1.00,4,0,3
29,18,0,0,0.6914,0,1.00,4,0,2
30,1,0,0,0.0494,0,1.00,4,1,2
30,2,0,0,0.0988,0,1.00,4,1,1
30,3,0,0,0.1481,0,1.00,4,3,0
30,4,0,0,0.1975,0,1.00,4,2,2
30,5,0,0,0.2222,0,1.00,2,1,0
30,6,0,0,0.2469,0,1.00,2,1,0
30,7,0,0,0.2963,0,1.00,4,3,0
30,8,0,0,0.3333,0,1.00,3,0,2
30,9,0,0,0.3704,0,1.00,3,1,1
30,10,0,0,0.4074,0,1.00,3,1,0
30,11,0,0,0.4568,0,1.00,4,1,2
30,12,0,0,0.4938,0,1.00,3,1,0
30,13,0,1,0.4321,1354,1.00,4,0,1
30,14,0,0,0.4815,0,1.00,4,1,0
30,15,0,0,0.5309,0,1.00,4,2,0
30,16,0,0,0.5802,0,1.00,4,2,2
30,17,0,1,0.5062,-6,1.00,3,0,1
30,18,0,0,0.5185,0,1.00,1,0,0
30,19,0,1,0.4444,53289,1.00,3,0,0
30,20,0,0,0.4938,0,1.00,4,0,1
30,21,1,1,0.4321,626,1.00,4,1,0
30,22,1,1,0.3457,376,1.10,2,1,0
30,23,1,1,0.2593,83,1.20,2,1,0
30,24,1,0,0.3086,0,1.00,4,2,0
30,25,1,1,0.2469,34,1.00,4,3,0
30,26,1,0,0.2963,0,1.00,4,2,0
30,27,1,1,0.2222,1,1.00,3,2,0
30,28,1,0,0.2593,0,1.00,3,2,0
30,29,1,0,0.3086,0,1.00,4,1,0
30,30,1,0,0.3580,0,1.00,4,2,0
30,31,1,0,0.3704,0,1.00,1,0,0
30,32,1,0,0.4198,0,1.00,4,2,0
30,33,1,0,0.4691,0,1.00,4,2,0
30,34,1,1,0.3951,8,1.00,3,0,0
30,35,2,1,0.3951,18,1.10,9,6,0
30,36,2,0,0.4568,0,1.00,5,3,0
30,37,2,0,0.4938,0,1.00,3,1,0
30,38,2,0,0.5185,0,1.00,2,0,0
30,39,2,1,0.4444,-2248,1.00,3,1,0
30,40,2,0,0.4938,0,1.00,4,3,0
30,41,2,1,0.4321,77,1.00,4,2,1
30,42,2,0,0.4815,0,1.00,4,0,0
30,43,2,0,0.5309,0,1.00,4,1,1
30,44,2,0,0.5802,0,1.00,4,0,0
30,45,2,0,0.6173,0,1.00,3,1,1
30,46,2,1,0.5185,6070,1.00,1,1,0
30,47,2,1,0.4444,73,1.10,3,1,0
30,48,2,0,0.4938,0,1.00,4,2,1
30,49,2,1,0.4074,-4109,1.00,2,0,0
30,50,2,0,0.4568,0,1.00,4,2,0
30,51,2,0,0.5062,0,1.00,4,2,1
30,52,2,1,0.4321,32,1.00,3,0,1
30,53,2,0,0.4815,0,1.00,4,4,0
30,54,2,0,0.5309,0,1.00,4,2,0
30,55,2,0,0.5679,0,1.00,3,1,1
30,56,2,0,0.6173,0,1.00,4,1,0
30,57,2,0,0.6667,0,1.00,4,2,0
30,58,2,1,0.5926,552,1.00,3,1,0
30,59,2,1,0.5309,45,1.10,4,2,1
30,60,2,0,0.5802,0,1.00,4,1,1
31,1,0,0,0.0494,0,1.00,4,0,0
31,2,0,0,0.0988,0,1.00,4,1,1
31,3,0,0,0.1358,0,1.00,3,0,1
31,4,0,1,0.0741,52,1.00,4,0,2
31,5,0,0,0.1235,0,1.00,4,0,2
31,6,0,0,0.1481,0,1.00,2,0,2
31,7,0,0,0.1852,0,1.00,3,1,0
31,8,0,1,0.1852,397,1.00,9,1,2
31,9,0,0,0.2222,0,1.00,3,1,2
31,10,0,0,0.2469,0,1.00,2,0,0
31,11,0,0,0.2593,0,1.00,1,0,0
31,12,0,0,0.2963,0,1.00,3,2,0
31,13,0,0,0.3210,0,1.00,2,1,0
31,14,0,0,0.3580,0,1.00,3,1,0
31,15,0,0,0.4074,0,1.00,4,0,1
31,16,0,0,0.4568,0,1.00,4,1,0
31,17,0,0,0.4938,0,1.00,3,0,1
31,18,0,1,0.4198,96,1.00,3,2,0
31,19,0,0,0.4691,0,1.00,4,1,1
31,20,0,0,0.4938,0,1.00,2,1,0
31,21,0,0,0.5432,0,1.00,4,2,0
31,22,1,1,0.4691,2963,1.00,3,2,0
31,23,1,0,0.5185,0,1.00,4,1,1
31,24,1,1,0.4568,3390,1.00,4,2,0
31,25,1,0,0.4815,0,1.00,2,2,0
31,26,1,1,0.4198,7656,1.00,4,1,1
31,27,1,2,0.2840,894,1.10,4,0,0
31,28,1,0,0.3210,0,1.00,3,2,0
31,29,1,0,0.3457,0,1.00,2,0,0
31,30,1,0,0.3951,0,1.00,4,2,0
31,31,1,0,0.4321,0,1.00,3,0,0
31,32,1,0,0.4815,0,1.00,4,1,0
31,33,1,1,0.4198,318,1.00,4,1,0
31,34,1,0,0.4691,0,1.00,4,1,0
31,35,1,0,0.5185,0,1.00,4,0,1
31,36,1,0,0.5679,0,1.00,4,2,1
31,37,2,1,0.4815,47,1.00,2,1,0
31,38,2,0,0.5185,0,1.00,3,1,0
31,39,2,0,0.5432,0,1.00,2,1,0
32,1,0,0,0.0494,0,1.00,4,3,0
32,2,0,0,0.0988,0,1.00,4,1,1
32,3,0,0,0.1481,0,1.00,4,0,0
32,4,0,0,0.1975,0,1.00,4,0,2
32,5,0,0,0.2346,0,1.00,3,0,2
32,6,0,1,0.2346,6671,1.00,9,2,3
32,7,0,0,0.2716,0,1.00,3,1,1
32,8,0,0,0.3333,0,1.00,5,1,0
32,9,0,0,0.3580,0,1.00,2,1,0
32,10,0,1,0.2963,20,1.00,4,2,1
32,11,0,0,0.3457,0,1.00,4,0,2
32,12,0,0,0.3951,0,1.00,4,2,0
32,13,0,0,0.4444,0,1.00,4,0,2
32,14,0,1,0.3827,-798,1.00,4,1,0
32,15,0,0,0.4321,0,1.00,4,0,3
32,16,0,0,0.4815,0,1.00,4,1,1
32,17,0,0,0.5309,0,1.00,4,0,1
32,18,1,1,0.4568,50,1.00,3,1,1
32,19,1,0,0.5062,0,1.00,4,3,0
32,20,1,1,0.4321,33,1.00,3,2,0
32,21,1,0,0.4815,0,1.00,4,0,0
32,22,1,0,0.5309,0,1.00,4,3,1
32,23,1,1,0.4691,6,1.00,4,0,2
32,24,1,0,0.5185,0,1.00,4,2,1
32,25,1,0,0.5679,0,1.00,4,2,1
32,26,1,0,0.6173,0,1.00,4,1,1
32,27,1,1,0.5432,9,1.00,3,0,1
32,28,1,1,0.4568,4,1.10,2,0,0
32,29,1,1,0.3951,-404,1.20,4,2,0
32,30,1,0,0.4321,0,1.00,3,2,0
32,31,1,0,0.4691,0,1.00,3,0,0
32,32,1,0,0.5062,0,1.00,3,1,1
32,33,2,1,0.4321,567,1.00,3,0,1
32,34,2,0,0.4815,0,1.00,4,0,0
32,35,2,0,0.5185,0,1.00,3,1,0
32,36,2,0,0.5679,0,1.00,4,1,0
32,37,2,1,0.4815,50867646,1.00,2,0,0
32,38,2,0,0.5185,0,1.00,3,1,0
32,39,2,1,0.4568,5363185,1.00,4,1,0
32,40,2,0,0.5062,0,1.00,4,1,0
32,41,2,0,0.5556,0,1.00,4,1,0
32,42,2,0,0.6049,0,1.00,4,3,0
32,43,2,1,0.5432,288,1.00,4,2,1
32,44,2,0,0.5802,0,1.00,3,1,1
32,45,2,0,0.6173,0,1.00,3,2,0
33,1,0,0,0.0494,0,1.00,4,2,0
33,2,0,0,0.0988,0,1.00,4,2,0
33,3,0,0,0.1481,0,1.00,4,1,0
33,4,0,0,0.1975,0,1.00,4,1,1
33,5,0,0,0.2222,0,1.00,2,0,1
33,6,0,0,0.2716,0,1.00,4,2,1
33,7,0,0,0.3210,0,1.00,4,0,2
33,8,0,0,0.3580,0,1.00,3,0,1
33,9,0,0,0.4074,0,1.00,4,1,1
33,10,0,0,0.4568,0,1.00,4,1,0
33,11,0,1,0.3951,635,1.00,4,2,0
34,1,0,0,0.0494,0,1.00,4,2,0
34,2,0,0,0.0864,0,1.00,3,0,1
34,3,0,0,0.1358,0,1.00,4,1,0
34,4,0,0,0.1852,0,1.00,4,0,0
34,5,0,0,0.2346,0,1.00,4,1,0
34,6,0,0,0.2840,0,1.00,4,0,1
34,7,0,1,0.2222,635,1.00,4,2,2
34,8,0,0,0.2593,0,1.00,3,1,1
34,9,0,0,0.2716,0,1.00,1,0,0
34,10,0,0,0.3210,0,1.00,4,2,0
34,11,0,0,0.3704,0,1.00,4,1,2
34,12,0,0,0.4198,0,1.00,4,2,0
34,13,0,0,0.4691,0,1.00,4,1,0
34,14,0,1,0.3704,623,1.00,1,0,0
34,15,0,0,0.4074,0,1.00,3,1,0
34,16,0,0,0.4568,0,1.00,4,2,0
34,17,0,1,0.3951,742,1.00,4,1,0
34,18,0,0,0.4074,0,1.00,1,0,0
34,19,1,1,0.3457,3149,1.00,4,1,0
34,20,1,0,0.3951,0,1.00,4,1,1
34,21,1,0,0.4198,0,1.00,2,1,0
34,22,1,0,0.4691,0,1.00,4,1,0
34,23,1,1,0.3951,52,1.00,3,2,0
34,24,1,0,0.4444,0,1.00,4,1,2
34,25,1,0,0.4938,0,1.00,4,3,0
34,26,1,1,0.4198,-10,1.00,3,2,0
34,27,1,0,0.4568,0,1.00,3,2,0
34,28,1,1,0.3827,-57,1.00,3,0,1
34,29,1,1,0.3827,8,1.10,9,1,2
34,30,1,0,0.4198,0,1.00,3,2,0
34,31,1,0,0.4691,0,1.00,4,1,1
34,32,1,0,0.5185,0,1.00,4,3,0
34,33,1,1,0.5185,39,1.00,9,3,1
34,34,1,0,0.5679,0,1.00,4,2,0
34,35,2,1,0.4938,284,1.00,3,1,0
34,36,2,0,0.5432,0,1.00,4,1,0
34,37,2,1,0.4691,173,1.00,3,1,0
34,38,2,0,0.5185,0,1.00,4,1,0
34,39,2,0,0.5556,0,1.00,3,2,0
34,40,2,0,0.6049,0,1.00,4,1,0
34,41,2,1,0.5062,38531,1.00,1,0,0
34,42,2,1,0.4321,10794,1.10,3,1,0
34,43,2,0,0.4815,0,1.00,4,0,0
34,44,2,1,0.4198,428,1.00,4,3,0
34,45,2,1,0.3580,-71277,1.10,4,0,0
34,46,2,0,0.4074,0,1.00,4,2,1
34,47,2,0,0.5185,0,1.00,9,0,2
34,48,2,1,0.4444,84,1.00,3,2,0
34,49,2,0,0.4938,0,1.00,4,2,0
34,50,2,1,0.4321,24,1.00,4,1,1
34,51,2,0,0.4815,0,1.00,4,2,0
34,52,2,0,0.5309,0,1.00,4,1,0
35,1,0,0,0.0370,0,1.00,3,1,0
35,2,0,0,0.0864,0,1.00,4,0,0
35,3,0,0,0.1358,0,1.00,4,0,2
35,4,0,0,0.1852,0,1.00,4,2,0
35,5,0,0,0.2346,0,1.00,4,1,1
35,6,0,0,0.2840,0,1.00,4,1,0
35,7,0,0,0.3210,0,1.00,3,0,2
35,8,0,0,0.3704,0,1.00,4,0,1
35,9,0,1,0.3086,4319243,1.00,4,0,2
35,10,0,0,0.3580,0,1.00,4,0,1
35,11,0,0,0.4074,0,1.00,4,0,0
35,12,0,0,0.4568,0,1.00,4,0,0
35,13,0,1,0.3827,44,1.00,3,2,0
35,14,0,0,0.4198,0,1.00,3,0,1
35,15,0,0,0.4691,0,1.00,4,0,2
35,16,0,0,0.4938,0,1.00,2,0,1
35,17,0,0,0.5432,0,1.00,4,0,1
35,18,0,0,0.5926,0,1.00,4,1,0
35,19,0,0,0.6420,0,1.00,4,0,2
35,20,0,1,0.5679,3635334,1.00,3,2,0
35,21,0,0,0.6173,0,1.00,4,2,0
35,22,1,1,0.5309,957,1.00,2,0,0
36,1,0,0,0.0494,0,1.00,4,2,1
36,2,0,0,0.0988,0,1.00,4,1,1
36,3,0,0,0.1481,0,1.00,4,1,0
36,4,0,0,0.1975,0,1.00,4,2,1
36,5,0,0,0.2099,0,1.00,1,0,1
36,6,0,0,0.2593,0,1.00,4,1,0
36,7,0,0,0.3086,0,1.00,4,2,0
36,8,0,0,0.3580,0,1.00,4,1,2
36,9,0,0,0.4074,0,1.00,4,0,3
36,10,0,1,0.3457,257,1.00,4,1,1
36,11,0,0,0.3951,0,1.00,4,2,0
36,12,0,0,0.4444,0,1.00,4,3,0
36,13,0,0,0.4938,0,1.00,4,0,2
36,14,0,0,0.5556,0,1.00,5,1,0
36,15,0,1,0.4938,475,1.00,4,2,1
36,16,0,0,0.5432,0,1.00,4,2,2
36,17,0,0,0.5926,0,1.00,4,1,2
36,18,0,1,0.5185,62,1.00,3,1,0
36,19,0,0,0.5679,0,1.00,4,0,0
36,20,1,1,0.5062,1347,1.00,4,1,0
36,21,1,0,0.5556,0,1.00,4,1,0
36,22,1,1,0.4938,1488,1.00,4,2,0
36,23,1,0,0.5432,0,1.00,4,2,0
36,24,1,1,0.4691,2425265,1.00,3,1,0
36,25,1,0,0.5185,0,1.00,4,4,0
36,26,1,0,0.5679,0,1.00,4,1,1
36,27,1,0,0.6173,0,1.00,4,1,0
37,1,0,0,0.0494,0,1.00,4,2,1
37,2,0,0,0.0988,0,1.00,4,0,1
37,3,0,0,0.1481,0,1.00,4,2,1
37,4,0,0,0.1975,0,1.00,4,2,0
37,5,0,0,0.2593,0,1.00,5,0,0
37,6,0,0,0.3086,0,1.00,4,1,0
37,7,0,0,0.3457,0,1.00,3,1,0
37,8,0,0,0.3951,0,1.00,4,1,1
37,9,0,1,0.3333,54,1.00,4,1,0
37,10,0,0,0.3704,0,1.00,3,1,0
37,11,0,1,0.2963,5439,1.00,3,1,0
37,12,0,0,0.3457,0,1.00,4,2,0
37,13,0,0,0.3951,0,1.00,4,3,0
37,14,0,0,0.4444,0,1.00,4,1,1
37,15,0,0,0.4938,0,1.00,4,0,1
37,16,0,0,0.5432,0,1.00,4,1,1
37,17,0,1,0.4691,87,1.00,3,0,0
37,18,0,0,0.5185,0,1.00,4,1,1
37,19,0,0,0.5679,0,1.00,4,2,1
37,20,0,0,0.6173,0,1.00,4,0,1
37,21,0,0,0.6543,0,1.00,3,0,1
37,22,0,0,0.7037,0,1.00,4,1,0
37,23,1,3,0.4938,218,1.00,4,1,2
37,24,1,1,0.4198,285,1.10,3,0,0
37,25,1,0,0.4691,0,1.00,4,1,0
37,26,1,0,0.5185,0,1.00,4,2,0
38,1,0,0,0.0494,0,1.00,4,1,0
38,2,0,0,0.0988,0,1.00,4,1,0
38,3,0,0,0.1481,0,1.00,4,0,2
38,4,0,0,0.1605,0,1.00,1,0,0
38,5,0,0,0.1728,0,1.00,1,0,0
38,6,0,0,0.2222,0,1.00,4,0,1
38,7,0,0,0.2716,0,1.00,4,1,1
38,8,0,0,0.3210,0,1.00,4,2,0
38,9,0,0,0.3333,0,1.00,1,0,0
38,10,0,0,0.3827,0,1.00,4,1,1
38,11,0,1,0.3086,77,1.00,3,1,0
38,12,0,0,0.3580,0,1.00,4,3,0
38,13,0,0,0.3951,0,1.00,3,1,1
38,14,0,1,0.3333,3277,1.00,4,1,1
38,15,0,1,0.2716,83667,1.10,4,1,0
38,16,0,0,0.3210,0,1.00,4,0,1
38,17,0,0,0.3704,0,1.00,4,2,0
38,18,0,0,0.4074,0,1.00,3,2,0
38,19,1,1,0.3457,55,1.00,4,3,1
38,20,1,0,0.3951,0,1.00,4,0,0
38,21,1,0,0.4444,0,1.00,4,3,1
38,22,1,1,0.3827,189837,1.00,4,1,0
38,23,1,0,0.4198,0,1.00,3,3,0
38,24,1,0,0.4691,0,1.00,4,1,0
39,1,0,0,0.0494,0,1.00,4,1,1
39,2,0,0,0.0741,0,1.00,2,0,0
39,3,0,0,0.1111,0,1.00,3,0,0
39,4,0,0,0.1605,0,1.00,4,2,2
39,5,0,0,0.2099,0,1.00,4,1,0
39,6,0,0,0.2593,0,1.00,4,2,1
39,7,0,0,0.2963,0,1.00,3,1,0
39,8,0,0,0.3457,0,1.00,4,0,2
39,9,0,0,0.3827,0,1.00,3,1,0
39,10,0,0,0.4198,0,1.00,3,0,0
39,11,0,0,0.4691,0,1.00,4,2,1
39,12,0,1,0.4691,4609,1.00,9,2,0
39,13,0,0,0.5185,0,1.00,4,2,0
39,14,0,1,0.4444,219,1.00,3,1,1
39,15,0,0,0.4691,0,1.00,2,0,0
39,16,0,1,0.4074,54,1.00,4,2,1
39,17,0,0,0.4691,0,1.00,5,1,2
39,18,1,1,0.3951,34,1.00,3,1,1
39,19,1,0,0.4444,0,1.00,4,1,0
39,20,1,0,0.4938,0,1.00,4,1,0
39,21,1,0,0.5432,0,1.00,4,3,0
39,22,1,0,0.5926,0,1.00,4,1,2
39,23,1,1,0.5309,77,1.00,4,3,0
39,24,1,0,0.5802,0,1.00,4,2,1
39,25,1,0,0.6296,0,1.00,4,0,0
39,26,1,2,0.4938,131,1.00,4,0,0
39,27,1,0,0.5556,0,1.00,5,1,3
39,28,1,0,0.5926,0,1.00,3,2,0
39,29,1,0,0.6420,0,1.00,4,2,0
40,1,0,0,0.0370,0,1.00,3,0,2
40,2,0,0,0.0864,0,1.00,4,0,3
40,3,0,0,0.1358,0,1.00,4,1,1
40,4,0,0,0.1852,0,1.00,4,2,0
40,5,0,0,0.2346,0,1.00,4,0,0
40,6,0,0,0.2840,0,1.00,4,1,0
40,7,0,0,0.3333,0,1.00,4,3,0
40,8,0,0,0.3827,0,1.00,4,2,0
40,9,0,0,0.4321,0,1.00,4,2,1
40,10,0,0,0.4815,0,1.00,4,1,1
40,11,0,0,0.5185,0,1.00,3,1,1
41,1,0,0,0.0370,0,1.00,3,0,1
41,2,0,0,0.0988,0,1.00,5,1,0
41,3,0,0,0.1481,0,1.00,4,1,1
41,4,0,0,0.1852,0,1.00,3,0,1
41,5,0,0,0.2222,0,1.00,3,0,1
41,6,0,0,0.2716,0,1.00,4,1,0
41,7,0,0,0.3210,0,1.00,4,1,1
41,8,0,1,0.2593,-44,1.00,4,0,1
41,9,0,0,0.3086,0,1.00,4,0,0
41,10,0,0,0.3580,0,1.00,4,2,0
41,11,0,1,0.2963,1676,1.00,4,1,0
41,12,0,0,0.3333,0,1.00,3,0,2
41,13,0,0,0.3827,0,1.00,4,0,0
41,14,0,1,0.3827,897,1.00,9,3,0
41,15,0,0,0.4321,0,1.00,4,2,0
41,16,0,0,0.4815,0,1.00,4,1,2
41,17,0,0,0.5309,0,1.00,4,2,1
41,18,1,1,0.4568,5,1.00,3,0,0
41,19,1,0,0.5062,0,1.00,4,1,1
41,20,1,1,0.4444,298619831,1.00,4,0,0
41,21,1,0,0.4938,0,1.00,4,1,1
41,22,1,0,0.5432,0,1.00,4,2,0
41,23,1,1,0.4444,5731,1.00,1,0,0
41,24,1,1,0.3827,17,1.10,4,1,2
41,25,1,0,0.4321,0,1.00,4,0,0
41,26,1,1,0.3457,295728,1.00,2,0,1
41,27,1,0,0.3951,0,1.00,4,2,1
41,28,1,0,0.4444,0,1.00,4,2,0
41,29,1,0,0.4938,0,1.00,4,2,0
41,30,1,1,0.4321,661155,1.00,4,1,0
41,31,1,0,0.4568,0,1.00,2,1,1
41,32,1,0,0.4815,0,1.00,2,1,0
41,33,1,0,0.5309,0,1.00,4,1,0
41,34,2,1,0.4321,5,1.00,1,1,0
41,35,2,0,0.4815,0,1.00,4,1,1
41,36,2,0,0.5309,0,1.00,4,1,0
41,37,2,1,0.4691,0,1.00,4,4,0
41,38,2,0,0.5185,0,1.00,4,2,0
41,39,2,0,0.5556,0,1.00,3,0,1
41,40,2,0,0.6049,0,1.00,4,2,0
41,41,2,0,0.6420,0,1.00,3,1,0
42,1,0,0,0.0494,0,1.00,4,2,1
42,2,0,0,0.0864,0,1.00,3,2,1
42,3,0,0,0.1358,0,1.00,4,3,0
42,4,0,0,0.1852,0,1.00,4,2,1
42,5,0,0,0.2222,0,1.00,3,0,0
42,6,0,0,0.2716,0,1.00,4,2,0
42,7,0,0,0.3210,0,1.00,4,0,1
42,8,0,0,0.3704,0,1.00,4,1,1
42,9,0,0,0.4074,0,1.00,3,1,0
42,10,0,0,0.4321,0,1.00,2,2,0
42,11,0,0,0.4568,0,1.00,2,1,0
42,12,0,0,0.5062,0,1.00,4,0,0
42,13,0,0,0.5432,0,1.00,3,0,1
42,14,0,0,0.5802,0,1.00,3,0,0
42,15,0,0,0.6173,0,1.00,3,1,0
42,16,0,0,0.6667,0,1.00,4,0,1
42,17,0,1,0.5802,36782927,1.00,2,0,0
42,18,0,2,0.4444,3423,1.10,4,1,0
42,19,1,1,0.3704,133462,1.20,3,1,0
42,20,1,1,0.3704,82,1.30,9,5,0
42,21,1,0,0.3951,0,1.00,2,0,1
42,22,1,0,0.4444,0,1.00,4,1,0
42,23,1,0,0.4938,0,1.00,4,1,0
42,24,1,0,0.5432,0,1.00,4,0,1
42,25,1,0,0.5926,0,1.00,4,2,0
42,26,1,0,0.6296,0,1.00,3,0,1
42,27,1,0,0.6790,0,1.00,4,1,1
42,28,1,1,0.6173,8,1.00,4,1,0
42,29,1,0,0.6667,0,1.00,4,1,2
43,1,0,0,0.0494,0,1.00,4,0,0
43,2,0,0,0.0864,0,1.00,3,2,1
43,3,0,0,0.1358,0,1.00,4,0,1
43,4,0,0,0.1852,0,1.00,4,1,1
43,5,0,0,0.2346,0,1.00,4,0,0
43,6,0,0,0.2469,0,1.00,1,0,0
43,7,0,0,0.2840,0,1.00,3,0,0
43,8,0,0,0.3333,0,1.00,4,0,2
43,9,0,0,0.3827,0,1.00,4,1,1
43,10,0,0,0.4444,0,1.00,5,0,2
43,11,0,1,0.3827,82,1.00,4,2,1
43,12,0,0,0.4321,0,1.00,4,0,0
43,13,0,0,0.4815,0,1.00,4,0,0
43,14,0,0,0.5309,0,1.00,4,1,0
43,15,0,0,0.5802,0,1.00,4,2,0
43,16,0,0,0.6296,0,1.00,4,1,1
43,17,0,1,0.5679,32,1.00,4,1,1
43,18,0,0,0.6173,0,1.00,4,2,0
43,19,1,2,0.4568,8016,1.00,4,2,1
43,20,1,0,0.5062,0,1.00,4,1,1
43,21,1,1,0.4321,-1743,1.00,3,2,1
43,22,1,0,0.4938,0,1.00,5,1,1
43,23,1,1,0.4321,1,1.00,4,2,1
43,24,1,0,0.4815,0,1.00,4,1,0
43,25,1,0,0.5309,0,1.00,4,2,1
43,26,1,0,0.5802,0,1.00,4,1,0
44,1,0,0,0.0494,0,1.00,4,2,1
44,2,0,0,0.0864,0,1.00,3,0,2
44,3,0,0,0.1111,0,1.00,2,0,0
44,4,0,0,0.1481,0,1.00,3,0,1
44,5,0,0,0.1975,0,1.00,4,0,2
44,6,0,0,0.2469,0,1.00,4,0,0
44,7,0,0,0.2716,0,1.00,2,2,0
44,8,0,0,0.3086,0,1.00,3,0,1
44,9,0,0,0.3457,0,1.00,3,0,1
44,10,0,0,0.3827,0,1.00,3,1,0
44,11,0,1,0.3210,218,1.00,4,1,0
44,12,0,1,0.2469,2,1.10,3,1,1
44,13,0,0,0.2840,0,1.00,3,0,0
44,14,0,0,0.3333,0,1.00,4,0,0
44,15,0,0,0.3827,0,1.00,4,2,1
44,16,0,0,0.4321,0,1.00,4,0,0
44,17,0,0,0.4568,0,1.00,2,1,0
44,18,0,0,0.5062,0,1.00,4,0,1
44,19,0,1,0.5062,3,1.00,9,4,3
44,20,0,0,0.5556,0,1.00,4,0,0
44,21,1,1,0.4938,60,1.00,4,2,1
44,22,1,1,0.3951,1486,1.10,1,1,0
44,23,1,1,0.3210,778,1.20,3,1,0
44,24,1,0,0.3580,0,1.00,3,0,0
44,25,1,0,0.4074,0,1.00,4,3,0
44,26,1,0,0.4568,0,1.00,4,2,0
44,27,1,0,0.5185,0,1.00,5,1,0
44,28,1,1,0.4321,4826,1.00,2,0,1
44,29,1,0,0.4815,0,1.00,4,1,1
44,30,1,1,0.4198,-1286,1.00,4,2,0
44,31,1,1,0.3580,8175,1.10,4,2,0
44,32,1,0,0.4074,0,1.00,4,1,0
44,33,1,0,0.4321,0,1.00,2,1,0
44,34,1,0,0.4815,0,1.00,4,2,1
44,35,2,1,0.3827,51,1.00,1,0,0
44,36,2,0,0.4321,0,1.00,4,0,0
44,37,2,1,0.3704,7,1.00,4,2,0
44,38,2,0,0.4198,0,1.00,4,1,0
44,39,2,0,0.4691,0,1.00,4,2,0
44,40,2,0,0.5062,0,1.00,3,1,0
44,41,2,0,0.5556,0,1.00,4,4,0
44,42,2,0,0.6049,0,1.00,4,2,0
44,43,2,1,0.5432,6,1.00,4,2,1
44,44,2,0,0.5926,0,1.00,4,1,1
44,45,2,1,0.5185,6192,1.00,3,2,0
44,46,2,1,0.4568,63,1.10,4,4,0
44,47,2,0,0.4938,0,1.00,3,1,0
44,48,2,0,0.5432,0,1.00,4,1,0
44,49,2,0,0.5926,0,1.00,4,0,0
44,50,2,0,0.6420,0,1.00,4,0,0
44,51,2,0,0.6790,0,1.00,3,0,0
45,1,0,0,0.0247,0,1.00,2,0,0
45,2,0,0,0.0741,0,1.00,4,0,1
45,3,0,0,0.1358,0,1.00,5,1,2
45,4,0,0,0.1852,0,1.00,4,1,2
45,5,0,0,0.2346,0,1.00,4,2,2
45,6,0,0,0.2840,0,1.00,4,0,1
45,7,0,0,0.3333,0,1.00,4,1,0
45,8,0,0,0.3827,0,1.00,4,1,1
45,9,0,0,0.4198,0,1.00,3,0,1
45,10,0,0,0.4691,0,1.00,4,1,1
45,11,0,1,0.4074,5,1.00,4,1,1
45,12,0,0,0.4568,0,1.00,4,1,1
45,13,0,1,0.3951,337,1.00,4,1,1
45,14,0,1,0.3210,54,1.10,3,0,1
45,15,0,0,0.3580,0,1.00,3,1,1
45,16,0,0,0.4074,0,1.00,4,2,1
45,17,0,0,0.4568,0,1.00,4,2,1
45,18,0,0,0.5062,0,1.00,4,1,1
45,19,1,1,0.4321,86,1.00,3,0,0
45,20,1,0,0.4815,0,1.00,4,2,0
45,21,1,0,0.5185,0,1.00,3,1,0
45,22,1,0,0.5679,0,1.00,4,1,0
45,23,1,1,0.5062,0,1.00,4,1,0
45,24,1,0,0.5309,0,1.00,2,0,1
45,25,1,0,0.5802,0,1.00,4,1,1
45,26,1,0,0.6296,0,1.00,4,4,0
45,27,1,1,0.5556,251,1.00,3,0,0
45,28,1,1,0.4938,34,1.10,4,1,1
45,29,1,0,0.5432,0,1.00,4,1,0
45,30,1,1,0.4815,4736344,1.00,4,0,0
45,31,1,0,0.5309,0,1.00,4,3,0
46,1,0,0,0.0494,0,1.00,4,1,1
46,2,0,0,0.0988,0,1.00,4,2,1
46,3,0,0,0.1358,0,1.00,3,0,1
46,4,0,0,0.1852,0,1.00,4,2,2
46,5,0,0,0.2346,0,1.00,4,3,0
46,6,0,0,0.2716,0,1.00,3,0,1
46,7,0,0,0.3210,0,1.00,4,0,0
46,8,0,0,0.3580,0,1.00,3,1,0
46,9,0,0,0.3951,0,1.00,3,0,2
46,10,0,0,0.4444,0,1.00,4,0,2
46,11,0,0,0.4938,0,1.00,4,1,1
46,12,0,0,0.5432,0,1.00,4,0,0
46,13,0,0,0.5802,0,1.00,3,0,0
46,14,0,0,0.6296,0,1.00,4,2,1
46,15,0,1,0.5432,150,1.00,2,0,0
46,16,0,1,0.4691,309,1.10,3,2,0
46,17,0,1,0.4691,-30,1.20,9,6,0
46,18,1,1,0.4074,3917,1.30,4,0,0
46,19,1,0,0.4321,0,1.00,2,2,0
46,20,1,0,0.4815,0,1.00,4,2,0
46,21,1,0,0.5309,0,1.00,4,1,2
46,22,1,0,0.5802,0,1.00,4,0,1
46,23,1,0,0.5926,0,1.00,1,1,0
46,24,1,0,0.6420,0,1.00,4,1,1
46,25,1,1,0.5802,83,1.00,4,2,1
46,26,1,0,0.6296,0,1.00,4,0,1
47,1,0,0,0.0494,0,1.00,4,1,2
47,2,0,0,0.0988,0,1.00,4,0,1
47,3,0,0,0.1605,0,1.00,5,2,0
47,4,0,0,0.1852,0,1.00,2,0,0
47,5,0,0,0.2346,0,1.00,4,1,1
47,6,0,0,0.2840,0,1.00,4,0,2
47,7,0,0,0.2963,0,1.00,1,0,0
47,8,0,1,0.2963,410,1.00,9,2,2
47,9,0,1,0.2346,-356,1.10,4,0,0
47,10,0,0,0.2840,0,1.00,4,1,1
47,11,0,0,0.3333,0,1.00,4,3,0
47,12,0,0,0.3827,0,1.00,4,1,0
47,13,0,0,0.4321,0,1.00,4,1,2
47,14,0,1,0.3580,34,1.00,3,1,1
47,15,0,0,0.3951,0,1.00,3,1,0
47,16,1,1,0.3333,-3,1.00,4,1,1
47,17,1,0,0.3827,0,1.00,4,2,1
47,18,1,0,0.4321,0,1.00,4,0,0
47,19,1,0,0.4691,0,1.00,3,2,0
47,20,1,1,0.3827,108,1.00,2,1,0
47,21,1,0,0.4321,0,1.00,4,1,1
47,22,1,0,0.4815,0,1.00,4,1,1
47,23,1,0,0.5432,0,1.00,5,2,2
47,24,1,0,0.5926,0,1.00,4,2,1
47,25,1,1,0.5309,152,1.00,4,1,0
47,26,1,0,0.5802,0,1.00,4,3,0
47,27,1,0,0.6296,0,1.00,4,2,1
48,1,0,0,0.0494,0,1.00,4,0,0
48,2,0,0,0.0988,0,1.00,4,1,0
48,3,0,0,0.1481,0,1.00,4,0,3
48,4,0,0,0.1852,0,1.00,3,2,0
48,5,0,0,0.2346,0,1.00,4,1,0
48,6,0,0,0.2716,0,1.00,3,0,1
48,7,0,0,0.3210,0,1.00,4,0,2
48,8,0,0,0.3704,0,1.00,4,0,0
48,9,0,1,0.3086,457,1.00,4,3,0
48,10,0,1,0.2469,1315,1.10,4,0,2
48,11,0,0,0.2963,0,1.00,4,2,0
48,12,0,0,0.3457,0,1.00,4,1,1
48,13,0,0,0.3951,0,1.00,4,2,1
48,14,0,0,0.4444,0,1.00,4,0,1
48,15,0,0,0.4938,0,1.00,4,0,0
48,16,0,0,0.5432,0,1.00,4,0,0
48,17,0,0,0.5926,0,1.00,4,2,0
48,18,0,1,0.5309,667,1.00,4,2,0
48,19,0,0,0.5679,0,1.00,3,0,0
48,20,0,0,0.6173,0,1.00,4,3,0
48,21,0,0,0.6667,0,1.00,4,0,2
48,22,1,1,0.5679,6362,1.00,1,1,0
48,23,1,1,0.4691,112,1.10,1,1,0
48,24,1,0,0.5062,0,1.00,3,1,0
48,25,1,0,0.5309,0,1.00,2,1,0
48,26,1,0,0.5679,0,1.00,3,2,0
49,1,0,0,0.0494,0,1.00,4,1,2
49,2,0,0,0.0864,0,1.00,3,0,1
49,3,0,1,0.0864,3,1.00,9,1,4
49,4,0,0,0.1235,0,1.00,3,1,0
49,5,0,0,0.1728,0,1.00,4,0,2
49,6,0,0,0.2222,0,1.00,4,1,0
49,7,0,0,0.2840,0,1.00,5,0,2
49,8,0,0,0.3333,0,1.00,4,2,1
49,9,0,0,0.3827,0,1.00,4,2,1
49,10,0,0,0.4444,0,1.00,5,2,1
49,11,0,0,0.4938,0,1.00,4,0,2
49,12,0,1,0.4321,4,1.00,4,0,1
49,13,0,0,0.4815,0,1.00,4,2,0
49,14,0,1,0.4074,6,1.00,3,1,1
49,15,1,1,0.3333,-21,1.10,3,1,0
49,16,1,1,0.2346,9,1.20,1,0,0
49,17,1,0,0.2840,0,1.00,4,1,0
49,18,1,0,0.3333,0,1.00,4,2,0
49,19,1,0,0.3704,0,1.00,3,2,0
49,20,1,0,0.4198,0,1.00,4,1,1
49,21,1,0,0.4568,0,1.00,3,0,0
49,22,1,1,0.3951,-133,1.00,4,1,1
49,23,1,0,0.4444,0,1.00,4,2,1
49,24,1,0,0.4938,0,1.00,4,2,0
49,25,1,0,0.5185,0,1.00,2,0,1
49,26,1,1,0.4568,624650,1.00,4,0,0
49,27,1,0,0.4691,0,1.00,1,1,0
49,28,1,0,0.5185,0,1.00,4,1,0
49,29,1,1,0.4568,-550,1.00,4,0,0
49,30,1,0,0.4938,0,1.00,3,0,0
49,31,1,0,0.5432,0,1.00,4,2,0
49,32,1,1,0.4815,97,1.00,4,2,0
49,33,1,0,0.5062,0,1.00,2,0,0
49,34,2,1,0.4444,4121549,1.00,4,0,0
49,35,2,0,0.4938,0,1.00,4,0,0
49,36,2,0,0.5185,0,1.00,2,1,0
49,37,2,0,0.5679,0,1.00,4,1,0
49,38,2,1,0.4815,13107493,1.00,2,0,0
49,39,2,0,0.5185,0,1.00,3,0,0
49,40,2,0,0.5679,0,1.00,4,1,0
49,41,2,0,0.6049,0,1.00,3,3,0
49,42,2,0,0.6420,0,1.00,3,0,1
50,1,0,0,0.0494,0,1.00,4,0,0
50,2,0,0,0.0988,0,1.00,4,1,2
50,3,0,0,0.1481,0,1.00,4,1,2
50,4,0,0,0.1975,0,1.00,4,0,0
50,5,0,0,0.2469,0,1.00,4,2,0
50,6,0,0,0.2963,0,1.00,4,2,0
50,7,0,1,0.2346,109,1.00,4,0,0
50,8,0,0,0.2840,0,1.00,4,1,0
50,9,0,0,0.3333,0,1.00,4,0,0
50,10,0,0,0.3704,0,1.00,3,1,0
50,11,0,0,0.4198,0,1.00,4,2,0
50,12,0,0,0.4691,0,1.00,4,4,0
50,13,0,1,0.4074,563,1.00,4,1,1
50,14,0,1,0.3333,94460,1.10,3,0,0
50,15,0,0,0.3827,0,1.00,4,0,0
50,16,0,0,0.4198,0,1.00,3,0,0
50,17,0,0,0.4691,0,1.00,4,2,0
50,18,1,1,0.4074,115396,1.00,4,2,0
50,19,1,0,0.4568,0,1.00,4,4,0
50,20,1,0,0.5062,0,1.00,4,2,1
50,21,1,0,0.5309,0,1.00,2,0,0
50,22,1,0,0.5802,0,1.00,4,2,1
50,23,1,0,0.6296,0,1.00,4,1,1
51,1,0,0,0.0494,0,1.00,4,0,2
51,2,0,0,0.0988,0,1.00,4,1,1
51,3,0,0,0.1481,0,1.00,4,0,1
51,4,0,0,0.1728,0,1.00,2,0,1
51,5,0,0,0.2099,0,1.00,3,0,0
51,6,0,0,0.2593,0,1.00,4,2,1
51,7,0,1,0.1728,6917,1.00,2,0,0
51,8,0,1,0.1728,71389,1.10,9,1,1
51,9,0,0,0.1975,0,1.00,2,1,1
51,10,0,0,0.2469,0,1.00,4,0,1
51,11,0,1,0.2469,467,1.00,9,5,1
51,12,0,0,0.2963,0,1.00,4,1,0
51,13,0,0,0.3333,0,1.00,3,0,1
51,14,0,0,0.3827,0,1.00,4,3,0
51,15,0,0,0.4198,0,1.00,3,1,0
51,16,0,0,0.4691,0,1.00,4,1,0
51,17,1,1,0.3951,6045722,1.00,3,0,0
51,18,1,0,0.4444,0,1.00,4,2,1
51,19,1,1,0.3827,849,1.00,4,1,1
51,20,1,0,0.4321,0,1.00,4,2,0
51,21,1,0,0.4691,0,1.00,3,0,0
51,22,1,1,0.3951,457,1.00,3,0,1
51,23,1,0,0.4321,0,1.00,3,0,0
51,24,1,0,0.4815,0,1.00,4,1,0
51,25,1,0,0.5309,0,1.00,4,0,1
51,26,1,1,0.4691,6152,1.00,4,1,0
51,27,1,1,0.4074,82,1.10,4,3,0
51,28,1,1,0.3457,4,1.20,4,2,0
51,29,1,0,0.3951,0,1.00,4,0,1
51,30,1,0,0.4444,0,1.00,4,2,1
51,31,2,1,0.3827,3,1.00,4,1,1
51,32,2,1,0.3086,14,1.10,3,1,0
51,33,2,1,0.2469,11424,1.20,4,2,0
51,34,2,0,0.3086,0,1.00,5,2,0
51,35,2,0,0.3457,0,1.00,3,1,1
51,36,2,0,0.3951,0,1.00,4,2,1
51,37,2,1,0.3333,675,1.00,4,1,0
51,38,2,0,0.3827,0,1.00,4,2,0
51,39,2,1,0.3210,19,1.00,4,3,0
51,40,2,0,0.3704,0,1.00,4,2,1
51,41,2,0,0.4074,0,1.00,3,2,0
51,42,2,0,0.4568,0,1.00,4,1,0
51,43,2,1,0.3827,-37,1.00,3,1,0
51,44,2,0,0.4198,0,1.00,3,1,1
51,45,2,0,0.4691,0,1.00,4,0,1
51,46,2,0,0.5185,0,1.00,4,1,0
51,47,2,0,0.5679,0,1.00,4,2,0
52,1,0,0,0.0494,0,1.00,4,1,0
52,2,0,0,0.0988,0,1.00,4,1,2
52,3,0,0,0.1111,0,1.00,1,0,1
52,4,0,0,0.1481,0,1.00,3,2,1
52,5,0,0,0.1852,0,1.00,3,2,0
52,6,0,0,0.2346,0,1.00,4,0,1
52,7,0,0,0.2840,0,1.00,4,1,2
52,8,0,0,0.3210,0,1.00,3,1,0
52,9,0,0,0.3704,0,1.00,4,2,0
52,10,0,0,0.4074,0,1.00,3,0,0
52,11,0,1,0.3333,48,1.00,3,1,0
52,12,0,0,0.3827,0,1.00,4,1,3
52,13,0,0,0.4321,0,1.00,4,0,1
52,14,0,1,0.3704,122,1.00,4,0,2
52,15,0,0,0.4074,0,1.00,3,2,0
52,16,0,0,0.4568,0,1.00,4,1,0
52,17,0,0,0.5062,0,1.00,4,0,0
52,18,0,0,0.5556,0,1.00,4,2,2
52,19,0,0,0.6049,0,1.00,4,2,1
52,20,0,0,0.6543,0,1.00,4,1,1
52,21,0,1,0.5802,32,1.00,3,1,0
52,22,1,1,0.5185,26355,1.10,4,2,0
52,23,1,1,0.4568,25,1.20,4,1,0
52,24,1,0,0.5062,0,1.00,4,1,0
52,25,1,1,0.4444,6729,1.00,4,1,1
52,26,1,1,0.4444,1365627,1.10,9,0,0
52,27,1,1,0.3827,-6666,1.20,4,1,1
52,28,1,1,0.3210,28,1.30,4,2,1
52,29,1,0,0.3704,0,1.00,4,2,1
52,30,1,0,0.4198,0,1.00,4,0,1
52,31,1,0,0.4568,0,1.00,3,1,0
52,32,1,0,0.5062,0,1.00,4,1,1
52,33,1,0,0.5432,0,1.00,3,2,0
52,34,1,0,0.5926,0,1.00,4,0,0
52,35,1,0,0.6420,0,1.00,4,0,0
52,36,1,0,0.6914,0,1.00,4,3,1
53,1,0,0,0.0494,0,1.00,4,1,2
53,2,0,0,0.0617,0,1.00,1,0,1
53,3,0,0,0.1111,0,1.00,4,0,2
53,4,0,0,0.1605,0,1.00,4,1,1
53,5,0,0,0.2099,0,1.00,4,0,1
53,6,0,0,0.2593,0,1.00,4,1,2
53,7,0,0,0.3086,0,1.00,4,1,2
53,8,0,1,0.2469,6,1.00,4,2,0
53,9,0,1,0.1852,352,1.10,4,0,1
53,10,0,0,0.2346,0,1.00,4,0,1
53,11,0,0,0.2716,0,1.00,3,1,0
53,12,0,0,0.3086,0,1.00,3,1,0
53,13,0,0,0.3457,0,1.00,3,2,0
53,14,0,0,0.3827,0,1.00,3,1,0
53,15,0,1,0.3210,2442123,1.00,4,0,1
53,16,0,0,0.3457,0,1.00,2,0,0
53,17,0,0,0.3951,0,1.00,4,1,2
53,18,0,0,0.4321,0,1.00,3,0,0
53,19,0,0,0.4815,0,1.00,4,1,0
53,20,0,0,0.5309,0,1.00,4,2,0
53,21,1,1,0.4444,8,1.00,2,0,0
53,22,1,1,0.3827,5422,1.10,4,2,0
53,23,1,1,0.3210,91,1.20,4,1,0
53,24,1,1,0.2593,2315,1.30,4,3,0
53,25,1,0,0.2963,0,1.00,3,1,2
53,26,1,0,0.3457,0,1.00,4,0,0
53,27,1,1,0.2716,15534,1.00,3,2,1
53,28,1,0,0.3210,0,1.00,4,1,0
53,29,1,0,0.3704,0,1.00,4,0,0
53,30,1,0,0.4198,0,1.00,4,1,1
53,31,1,0,0.4691,0,1.00,4,3,1
53,32,1,1,0.3951,136,1.00,3,1,0
53,33,1,0,0.4444,0,1.00,4,4,0
54,1,0,0,0.0370,0,1.00,3,1,1
54,2,0,0,0.0864,0,1.00,4,2,1
54,3,0,1,0.0864,-615,1.00,9,1,3
54,4,0,0,0.1358,0,1.00,4,2,0
54,5,0,0,0.1728,0,1.00,3,0,0
54,6,0,0,0.2222,0,1.00,4,2,1
54,7,0,0,0.2593,0,1.00,3,2,0
54,8,0,0,0.2963,0,1.00,3,1,1
54,9,0,0,0.3457,0,1.00,4,2,1
54,10,0,0,0.3827,0,1.00,3,0,0
54,11,0,1,0.3210,9,1.00,4,0,2
54,12,0,1,0.2593,65,1.10,4,2,2
54,13,0,0,0.3086,0,1.00,4,2,1
54,14,0,0,0.3457,0,1.00,3,2,0
54,15,0,0,0.3951,0,1.00,4,1,0
54,16,0,0,0.4444,0,1.00,4,1,0
54,17,0,0,0.4938,0,1.00,4,1,2
54,18,1,1,0.4198,98167,1.00,3,1,0
54,19,1,0,0.4568,0,1.00,3,2,0
54,20,1,1,0.4074,844,1.00,5,3,1
54,21,1,0,0.4568,0,1.00,4,0,1
54,22,1,1,0.3704,136,1.00,2,1,0
54,23,1,1,0.3704,32,1.10,9,3,1
54,24,1,0,0.4198,0,1.00,4,2,0
54,25,1,0,0.4691,0,1.00,4,3,0
54,26,1,0,0.5185,0,1.00,4,1,0
54,27,1,1,0.4444,142844,1.00,3,0,1
54,28,1,0,0.4938,0,1.00,4,1,1
54,29,1,1,0.4074,871,1.00,2,0,1
54,30,1,0,0.4444,0,1.00,3,1,0
54,31,1,0,0.4938,0,1.00,4,1,0
54,32,1,0,0.5062,0,1.00,1,0,1
54,33,1,0,0.5432,0,1.00,3,1,0
54,34,1,0,0.5926,0,1.00,4,0,0
54,35,1,0,0.6420,0,1.00,4,0,0
54,36,1,0,0.6914,0,1.00,4,2,1
55,1,0,0,0.0494,0,1.00,4,2,0
55,2,0,0,0.0864,0,1.00,3,0,0
55,3,0,0,0.1358,0,1.00,4,0,2
55,4,0,0,0.1728,0,1.00,3,1,1
55,5,0,0,0.2346,0,1.00,5,1,3
55,6,0,0,0.2716,0,1.00,3,0,2
55,7,0,0,0.3086,0,1.00,3,0,1
55,8,0,0,0.3457,0,1.00,3,1,2
55,9,0,0,0.3704,0,1.00,2,1,1
55,10,0,0,0.4074,0,1.00,3,0,1
55,11,0,0,0.4568,0,1.00,4,1,1
55,12,0,1,0.3951,41,1.00,4,2,0
55,13,0,0,0.4444,0,1.00,4,0,1
55,14,0,1,0.3827,435378,1.00,4,2,1
55,15,0,0,0.4321,0,1.00,4,0,1
55,16,0,1,0.3704,37,1.00,4,2,0
55,17,0,0,0.4198,0,1.00,4,1,2
55,18,0,0,0.4691,0,1.00,4,1,0
55,19,0,0,0.5062,0,1.00,3,1,1
55,20,1,1,0.4444,138,1.00,4,1,3
55,21,1,0,0.4938,0,1.00,4,2,0
55,22,1,1,0.4198,0,1.00,3,0,2
55,23,1,0,0.4691,0,1.00,4,1,1
55,24,1,0,0.5185,0,1.00,4,3,0
55,25,1,1,0.4568,587,1.00,4,1,0
55,26,1,0,0.5062,0,1.00,4,0,1
55,27,1,1,0.4444,71,1.00,4,2,0
55,28,1,2,0.3086,1390,1.10,4,1,0
55,29,1,0,0.3580,0,1.00,4,1,0
55,30,1,0,0.3951,0,1.00,3,2,0
55,31,1,0,0.4568,0,1.00,5,1,0
55,32,2,1,0.3951,24,1.00,4,2,0
55,33,2,0,0.4444,0,1.00,4,2,0
55,34,2,0,0.4938,0,1.00,4,1,0
55,35,2,0,0.5432,0,1.00,4,4,0
55,36,2,1,0.4815,-843,1.00,4,1,1
55,37,2,0,0.5309,0,1.00,4,2,0
55,38,2,0,0.5802,0,1.00,4,1,0
55,39,2,0,0.6296,0,1.00,4,3,0
55,40,2,1,0.5556,6116,1.00,3,1,0
55,41,2,0,0.5926,0,1.00,3,1,0
55,42,2,0,0.6420,0,1.00,4,4,0
56,1,0,0,0.0494,0,1.00,4,3,0
56,2,0,0,0.0864,0,1.00,3,0,1
56,3,0,0,0.1358,0,1.00,4,1,1
56,4,0,0,0.1728,0,1.00,3,1,0
56,5,0,0,0.1852,0,1.00,1,0,1
56,6,0,0,0.2099,0,1.00,2,0,0
56,7,0,0,0.2469,0,1.00,3,0,1
56,8,0,1,0.1852,523,1.00,4,2,1
56,9,0,0,0.1975,0,1.00,1,0,0
56,10,0,0,0.2222,0,1.00,2,0,0
56,11,0,0,0.2469,0,1.00,2,0,0
56,12,0,0,0.2716,0,1.00,2,1,1
56,13,0,1,0.1975,3,1.00,3,1,0
56,14,0,0,0.2469,0,1.00,4,1,1
56,15,0,0,0.2963,0,1.00,4,1,0
56,16,0,0,0.3457,0,1.00,4,1,0
56,17,0,0,0.3951,0,1.00,4,3,0
56,18,0,1,0.3333,165,1.00,4,2,1
56,19,0,0,0.3827,0,1.00,4,1,0
56,20,1,1,0.3210,846114,1.00,4,0,0
56,21,1,0,0.3704,0,1.00,4,1,0
56,22,1,0,0.4198,0,1.00,4,1,1
56,23,1,0,0.4691,0,1.00,4,2,0
56,24,1,2,0.3086,256,1.00,4,3,1
56,25,1,0,0.3580,0,1.00,4,2,0
56,26,1,1,0.2840,4214215,1.00,3,1,0
56,27,1,0,0.3457,0,1.00,5,1,0
56,28,1,0,0.3951,0,1.00,4,0,0
56,29,1,0,0.4321,0,1.00,3,2,0
56,30,1,0,0.4815,0,1.00,4,2,0
56,31,1,0,0.5185,0,1.00,3,2,0
56,32,1,0,0.5679,0,1.00,4,1,0
56,33,1,0,0.6173,0,1.00,4,3,0
56,34,1,1,0.5432,385,1.00,3,2,0
56,35,1,0,0.5926,0,1.00,4,1,1
57,1,0,0,0.0494,0,1.00,4,1,1
57,2,0,0,0.0988,0,1.00,4,0,2
57,3,0,0,0.1358,0,1.00,3,1,0
57,4,0,0,0.1728,0,1.00,3,0,0
57,5,0,0,0.2346,0,1.00,5,1,1
57,6,0,0,0.2840,0,1.00,4,0,1
57,7,0,0,0.3333,0,1.00,4,1,1
57,8,0,1,0.2716,9215,1.00,4,3,0
57,9,0,0,0.3086,0,1.00,3,1,2
57,10,0,0,0.3333,0,1.00,2,0,2
57,11,0,0,0.3827,0,1.00,4,2,0
57,12,0,0,0.4198,0,1.00,3,2,0
57,13,0,0,0.4568,0,1.00,3,1,1
57,14,0,0,0.5062,0,1.00,4,1,1
57,15,0,0,0.5432,0,1.00,3,0,1
57,16,0,0,0.5926,0,1.00,4,0,1
57,17,0,1,0.5309,241,1.00,4,1,0
57,18,0,0,0.5679,0,1.00,3,0,0
57,19,0,1,0.4938,28,1.00,3,0,0
57,20,1,1,0.4198,23,1.10,3,0,0
57,21,1,1,0.3580,41,1.20,4,0,2
57,22,1,0,0.4074,0,1.00,4,4,0
57,23,1,0,0.4568,0,1.00,4,0,2
57,24,1,1,0.3951,281142,1.00,4,0,0
57,25,1,0,0.4444,0,1.00,4,2,0
57,26,1,0,0.4815,0,1.00,3,2,1
57,27,1,0,0.5309,0,1.00,4,2,1
57,28,1,1,0.4691,5,1.00,4,2,0
57,29,1,0,0.5185,0,1.00,4,1,0
57,30,1,0,0.5556,0,1.00,3,1,2
57,31,1,0,0.5926,0,1.00,3,1,0
58,1,0,0,0.0494,0,1.00,4,2,1
58,2,0,0,0.0988,0,1.00,4,1,1
58,3,0,0,0.1481,0,1.00,4,0,1
58,4,0,0,0.1728,0,1.00,2,0,1
58,5,0,0,0.2099,0,1.00,3,0,0
58,6,0,0,0.2593,0,1.00,4,0,2
58,7,0,0,0.3086,0,1.00,4,0,1
58,8,0,0,0.3580,0,1.00,4,0,0
58,9,0,0,0.4074,0,1.00,4,3,0
58,10,0,0,0.4568,0,1.00,4,2,0
58,11,0,0,0.5185,0,1.00,5,1,1
58,12,0,1,0.4444,189,1.00,3,0,0
58,13,0,0,0.4815,0,1.00,3,1,0
58,14,0,0,0.5185,0,1.00,3,1,0
58,15,0,0,0.5556,0,1.00,3,1,2
58,16,0,1,0.4691,8,1.00,2,0,1
58,17,0,1,0.4074,428,1.10,4,1,2
58,18,0,0,0.4444,0,1.00,3,1,1
58,19,0,0,0.4691,0,1.00,2,0,1
58,20,0,0,0.5185,0,1.00,4,1,1
58,21,0,0,0.5679,0,1.00,4,0,1
58,22,1,1,0.4938,25,1.00,3,1,1
58,23,1,0,0.5309,0,1.00,3,1,1
58,24,1,0,0.5802,0,1.00,4,0,1
58,25,1,1,0.5185,9,1.00,4,2,0
58,26,1,1,0.4568,19,1.10,4,1,1
58,27,1,0,0.4938,0,1.00,3,2,0
58,28,1,1,0.4198,546,1.00,3,2,0
58,29,1,0,0.4321,0,1.00,1,1,0
58,30,1,0,0.4815,0,1.00,4,2,1
58,31,1,0,0.5309,0,1.00,4,1,1
58,32,1,1,0.4568,30,1.00,3,2,0
58,33,1,0,0.5062,0,1.00,4,0,2
58,34,1,0,0.5556,0,1.00,4,1,0
59,1,0,0,0.0494,0,1.00,4,1,1
59,2,0,0,0.0741,0,1.00,2,0,0
59,3,0,0,0.1111,0,1.00,3,1,0
59,4,0,0,0.1605,0,1.00,4,0,2
59,5,0,0,0.1975,0,1.00,3,0,1
59,6,0,0,0.2469,0,1.00,4,1,1
59,7,0,1,0.1852,343,1.00,4,0,1
59,8,0,0,0.2469,0,1.00,5,2,0
59,9,0,0,0.2716,0,1.00,2,2,0
59,10,0,0,0.3333,0,1.00,5,0,3
59,11,0,0,0.3827,0,1.00,4,1,1
59,12,0,0,0.4321,0,1.00,4,1,1
59,13,0,1,0.3704,936,1.00,4,3,0
59,14,0,0,0.4198,0,1.00,4,2,1
59,15,0,0,0.4691,0,1.00,4,0,1
59,16,0,0,0.5185,0,1.00,4,1,0
59,17,0,0,0.5679,0,1.00,4,1,1
59,18,0,0,0.6049,0,1.00,3,2,0
59,19,0,1,0.5432,48,1.00,4,2,0
59,20,1,1,0.4815,11606,1.10,4,0,1
59,21,1,0,0.5309,0,1.00,4,1,1
59,22,1,0,0.5802,0,1.00,4,1,0
59,23,1,1,0.5185,18847776,1.00,4,2,1
59,24,1,1,0.4568,287,1.10,4,3,0
59,25,1,0,0.4938,0,1.00,3,2,0
59,26,1,0,0.5432,0,1.00,4,2,1
59,27,1,0,0.5802,0,1.00,3,1,0
59,28,1,1,0.5062,29,1.00,3,0,1
59,29,1,0,0.5556,0,1.00,4,3,1
60,1,0,0,0.0617,0,1.00,5,0,1
60,2,0,0,0.0988,0,1.00,3,1,0
60,3,0,0,0.1481,0,1.00,4,2,0
60,4,0,0,0.1975,0,1.00,4,0,1
60,5,0,1,0.1975,9731512,1.00,9,2,0
60,6,0,0,0.2469,0,1.00,4,0,2
60,7,0,0,0.2963,0,1.00,4,0,0
60,8,0,1,0.2963,599,1.00,9,2,1
60,9,0,0,0.3457,0,1.00,4,1,1
60,10,0,0,0.3951,0,1.00,4,1,0
60,11,0,0,0.4444,0,1.00,4,4,0
60,12,1,2,0.2963,10627,1.00,3,1,0
60,13,1,0,0.3333,0,1.00,3,2,1
60,14,1,0,0.3827,0,1.00,4,1,1
60,15,1,1,0.3086,162,1.00,3,1,1
60,16,1,0,0.3580,0,1.00,4,1,2
60,17,1,0,0.4198,0,1.00,5,2,0
60,18,1,0,0.4321,0,1.00,1,0,0
60,19,1,0,0.4815,0,1.00,4,1,0
60,20,1,2,0.3333,551712430,1.00,3,1,0
60,21,1,0,0.3827,0,1.00,4,4,0
60,22,1,1,0.3210,190,1.00,4,3,0
60,23,1,0,0.3704,0,1.00,4,2,1
60,24,1,0,0.4074,0,1.00,3,1,1
60,25,1,0,0.4568,0,1.00,4,1,0
60,26,1,0,0.5062,0,1.00,4,2,0
60,27,1,0,0.5432,0,1.00,3,1,0
60,28,1,1,0.4691,58373,1.00,3,1,0
60,29,1,0,0.5309,0,1.00,5,1,0
60,30,2,1,0.4444,-353,1.00,2,0,0
60,31,2,0,0.4938,0,1.00,4,2,0
60,32,2,1,0.4074,22,1.00,2,0,1
60,33,2,0,0.4568,0,1.00,4,1,0
60,34,2,1,0.3951,-1,1.00,4,1,2
60,35,2,0,0.4198,0,1.00,2,1,0
60,36,2,0,0.4691,0,1.00,4,1,0
60,37,2,1,0.4074,1922,1.00,4,3,0
60,38,2,0,0.4568,0,1.00,4,1,0
60,39,2,0,0.5062,0,1.00,4,1,0
60,40,2,0,0.5556,0,1.00,4,2,0
60,41,2,1,0.4938,17056,1.00,4,2,0
60,42,2,0,0.5432,0,1.00,4,0,0
60,43,2,1,0.4815,34420,1.00,4,2,1
60,44,2,1,0.4198,239,1.10,4,1,0
60,45,2,1,0.4198,118,1.20,9,3,1
60,46,2,0,0.4691,0,1.00,4,2,0
60,47,2,0,0.5309,0,1.00,5,4,0
60,48,2,0,0.5802,0,1.00,4,2,0
60,49,2,1,0.5185,892,1.00,4,3,0
60,50,2,0,0.5679,0,1.00,4,2,0
61,1,0,0,0.0494,0,1.00,4,1,1
61,2,0,0,0.0988,0,1.00,4,1,0
61,3,0,0,0.1481,0,1.00,4,0,0
61,4,0,0,0.1975,0,1.00,4,1,0
61,5,0,0,0.2469,0,1.00,4,0,1
61,6,0,0,0.2963,0,1.00,4,2,1
61,7,0,0,0.3457,0,1.00,4,2,1
