game_id,strategy,total_turns,final_score,max_expression,min_expression,negative_count,negative_rate,phase0_turns,phase1_turns,phase2_turns,phase3_turns,end_board_occupancy
0,RandomStrategy,13,0,0,0,0,0.0000,13,0,0,0,0.6173
1,RandomStrategy,13,0,0,0,0,0.0000,13,0,0,0,0.5556
2,RandomStrategy,8,0,0,0,0,0.0000,8,0,0,0,0.3827
3,RandomStrategy,12,66700,66700,66700,0,0.0000,12,0,0,0,0.5062
4,RandomStrategy,13,0,0,0,0,0.0000,13,0,0,0,0.5802
5,RandomStrategy,17,7134,6712,422,0,0.0000,17,0,0,0,0.5926
6,RandomStrategy,24,5052,4973,-16,2,0.5000,21,3,0,0,0.6543
7,RandomStrategy,20,-25,3,-28,1,0.5000,20,0,0,0,0.6049
8,RandomStrategy,15,126,126,126,0,0.0000,15,0,0,0,0.5926
9,RandomStrategy,18,974910860,974832613,78220,0,0.0000,18,0,0,0,0.5556
10,RandomStrategy,11,0,0,0,0,0.0000,11,0,0,0,0.5802
11,RandomStrategy,13,0,0,0,0,0.0000,13,0,0,0,0.5926
12,RandomStrategy,12,0,0,0,0,0.0000,12,0,0,0,0.5556
13,RandomStrategy,17,16,16,16,0,0.0000,17,0,0,0,0.6543
14,RandomStrategy,18,9497,9489,8,0,0.0000,18,0,0,0,0.6173
15,RandomStrategy,13,0,0,0,0,0.0000,13,0,0,0,0.5679
16,RandomStrategy,19,9329,9316,13,0,0.0000,19,0,0,0,0.5926
17,RandomStrategy,16,513423,513423,513423,0,0.0000,16,0,0,0,0.5556
18,RandomStrategy,19,465246,465242,4,0,0.0000,19,0,0,0,0.6173
19,RandomStrategy,21,236416,221370,31,0,0.0000,18,3,0,0,0.6173
20,RandomStrategy,10,0,0,0,0,0.0000,10,0,0,0,0.5185
21,RandomStrategy,19,-401,161,-642,2,0.5000,14,5,0,0,0.5802
22,RandomStrategy,14,0,0,0,0,0.0000,14,0,0,0,0.5679
23,RandomStrategy,10,0,0,0,0,0.0000,10,0,0,0,0.6173
24,RandomStrategy,12,0,0,0,0,0.0000,12,0,0,0,0.5556
25,RandomStrategy,16,93,93,93,0,0.0000,16,0,0,0,0.6790
26,RandomStrategy,7,0,0,0,0,0.0000,7,0,0,0,0.3704
27,RandomStrategy,14,0,0,0,0,0.0000,14,0,0,0,0.5926
28,RandomStrategy,17,7423,7423,7423,0,0.0000,17,0,0,0,0.6296
29,RandomStrategy,14,70,70,70,0,0.0000,14,0,0,0,0.5556
30,RandomStrategy,15,0,0,0,0,0.0000,15,0,0,0,0.6173
31,RandomStrategy,20,127,93,3,0,0.0000,20,0,0,0,0.5432
32,RandomStrategy,17,6875,6875,6875,0,0.0000,17,0,0,0,0.6914
33,RandomStrategy,12,0,0,0,0,0.0000,12,0,0,0,0.5432
34,RandomStrategy,21,16683,16150,3,0,0.0000,21,0,0,0,0.6543
35,RandomStrategy,11,0,0,0,0,0.0000,11,0,0,0,0.5185
36,RandomStrategy,24,5060,5113,-156,1,0.3333,24,0,0,0,0.6543
37,RandomStrategy,16,1,1,1,0,0.0000,16,0,0,0,0.6173
38,RandomStrategy,33,42627585,42557311,5,0,0.0000,21,12,0,0,0.6914
39,RandomStrategy,18,-209464,53365,-262829,1,0.5000,18,0,0,0,0.5926
40,RandomStrategy,12,0,0,0,0,0.0000,12,0,0,0,0.5802
41,RandomStrategy,18,-18,-18,-18,1,1.0000,18,0,0,0,0.7037
42,RandomStrategy,7,0,0,0,0,0.0000,7,0,0,0,0.3333
43,RandomStrategy,16,0,0,0,0,0.0000,16,0,0,0,0.7037
44,RandomStrategy,14,0,0,0,0,0.0000,14,0,0,0,0.6049
45,RandomStrategy,12,0,0,0,0,0.0000,12,0,0,0,0.5556
46,RandomStrategy,18,1,27,-26,1,0.5000,18,0,0,0,0.6296
47,RandomStrategy,12,0,0,0,0,0.0000,12,0,0,0,0.5679
48,RandomStrategy,18,4,4,4,0,0.0000,18,0,0,0,0.6667
49,RandomStrategy,14,0,0,0,0,0.0000,14,0,0,0,0.6173
50,RandomStrategy,13,5,5,5,0,0.0000,13,0,0,0,0.6543
51,RandomStrategy,18,80,80,80,0,0.0000,18,0,0,0,0.6296
52,RandomStrategy,12,0,0,0,0,0.0000,12,0,0,0,0.6914
53,RandomStrategy,18,1,1,1,0,0.0000,18,0,0,0,0.6914
54,RandomStrategy,14,650,650,650,0,0.0000,14,0,0,0,0.4691
55,RandomStrategy,19,-12,-12,-12,1,1.0000,19,0,0,0,0.6543
56,RandomStrategy,22,697141,667830,6,0,0.0000,16,6,0,0,0.5926
57,RandomStrategy,13,0,0,0,0,0.0000,13,0,0,0,0.5556
58,RandomStrategy,16,0,0,0,0,0.0000,16,0,0,0,0.6543
59,RandomStrategy,18,772,772,772,0,0.0000,18,0,0,0,0.6296
60,RandomStrategy,15,26,26,26,0,0.0000,15,0,0,0,0.5926
61,RandomStrategy,11,-1015,-1015,-1015,1,1.0000,11,0,0,0,0.3951
62,RandomStrategy,12,0,0,0,0,0.0000,12,0,0,0,0.5062
63,RandomStrategy,27,310537,192808,3,0,0.0000,19,8,0,0,0.6667
64,RandomStrategy,13,0,0,0,0,0.0000,13,0,0,0,0.5679
65,RandomStrategy,16,216,216,216,0,0.0000,16,0,0,0,0.6049
66,RandomStrategy,10,0,0,0,0,0.0000,10,0,0,0,0.4444
67,RandomStrategy,14,0,0,0,0,0.0000,14,0,0,0,0.6420
68,RandomStrategy,11,0,0,0,0,0.0000,11,0,0,0,0.5309
69,RandomStrategy,16,7176,7176,7176,0,0.0000,16,0,0,0,0.6049
70,RandomStrategy,22,447127,225464,221663,0,0.0000,22,0,0,0,0.6296
71,RandomStrategy,22,55,45,10,0,0.0000,22,0,0,0,0.6790
72,RandomStrategy,14,28,28,28,0,0.0000,14,0,0,0,0.6173
73,RandomStrategy,15,7668,7668,7668,0,0.0000,15,0,0,0,0.6667
74,RandomStrategy,15,1935,1935,1935,0,0.0000,15,0,0,0,0.6790
75,RandomStrategy,17,11,11,11,0,0.0000,17,0,0,0,0.6049
76,RandomStrategy,18,124,104,20,0,0.0000,18,0,0,0,0.5802
77,RandomStrategy,12,0,0,0,0,0.0000,12,0,0,0,0.6790
78,RandomStrategy,22,47371,47371,47371,0,0.0000,22,0,0,0,0.7654
79,RandomStrategy,14,0,0,0,0,0.0000,14,0,0,0,0.6420
80,RandomStrategy,13,1509,1509,1509,0,0.0000,13,0,0,0,0.5309
81,RandomStrategy,16,7416322,7416322,7416322,0,0.0000,16,0,0,0,0.6173
82,RandomStrategy,13,0,0,0,0,0.0000,13,0,0,0,0.5802
83,RandomStrategy,14,2345,2345,2345,0,0.0000,14,0,0,0,0.5679
84,RandomStrategy,15,0,0,0,0,0.0000,15,0,0,0,0.6790
85,RandomStrategy,11,0,0,0,0,0.0000,11,0,0,0,0.4691
86,RandomStrategy,12,0,0,0,0,0.0000,12,0,0,0,0.5802
87,RandomStrategy,15,0,0,0,0,0.0000,15,0,0,0,0.6049
88,RandomStrategy,18,5405,5372,33,0,0.0000,18,0,0,0,0.5679
89,RandomStrategy,18,2473,2473,2473,0,0.0000,18,0,0,0,0.5926
90,RandomStrategy,24,1728,1566,162,0,0.0000,24,0,0,0,0.7160
91,RandomStrategy,16,3661126,3661126,3661126,0,0.0000,16,0,0,0,0.5802
92,RandomStrategy,12,0,0,0,0,0.0000,12,0,0,0,0.4815
93,RandomStrategy,15,4724,4724,4724,0,0.0000,15,0,0,0,0.6667
94,RandomStrategy,10,0,0,0,0,0.0000,10,0,0,0,0.4691
95,RandomStrategy,15,0,0,0,0,0.0000,15,0,0,0,0.5556
96,RandomStrategy,12,0,0,0,0,0.0000,12,0,0,0,0.5062
97,RandomStrategy,15,0,0,0,0,0.0000,15,0,0,0,0.6790
98,RandomStrategy,19,451820,451820,451820,0,0.0000,19,0,0,0,0.6790
99,RandomStrategy,8,0,0,0,0,0.0000,8,0,0,0,0.3580
100,RandomStrategy,15,0,0,0,0,0.0000,15,0,0,0,0.6420
101,RandomStrategy,19,27,27,27,0,0.0000,19,0,0,0,0.6420
102,RandomStrategy,18,99,99,99,0,0.0000,18,0,0,0,0.6543
103,RandomStrategy,23,42,47,-30,1,0.3333,18,5,0,0,0.6296
104,RandomStrategy,15,0,0,0,0,0.0000,15,0,0,0,0.7531
105,RandomStrategy,14,0,0,0,0,0.0000,14,0,0,0,0.6173
106,RandomStrategy,13,0,0,0,0,0.0000,13,0,0,0,0.6049
107,RandomStrategy,17,748,748,748,0,0.0000,17,0,0,0,0.6420
108,RandomStrategy,14,0,0,0,0,0.0000,14,0,0,0,0.6543
109,RandomStrategy,17,0,0,0,0,0.0000,17,0,0,0,0.6790
110,RandomStrategy,14,0,0,0,0,0.0000,14,0,0,0,0.5432
111,RandomStrategy,12,0,0,0,0,0.0000,12,0,0,0,0.5556
112,RandomStrategy,16,-49,-49,-49,1,1.0000,16,0,0,0,0.7284
113,RandomStrategy,14,0,0,0,0,0.0000,14,0,0,0,0.6296
114,RandomStrategy,13,0,0,0,0,0.0000,13,0,0,0,0.5679
115,RandomStrategy,16,764,759,5,0,0.0000,16,0,0,0,0.4691
116,RandomStrategy,20,99,69,30,0,0.0000,20,0,0,0,0.6049
117,RandomStrategy,19,34354,29318,63,0,0.0000,19,0,0,0,0.5556
118,RandomStrategy,15,0,0,0,0,0.0000,15,0,0,0,0.7037
119,RandomStrategy,16,1281,1248,33,0,0.0000,16,0,0,0,0.5185
120,RandomStrategy,23,7642869,7642185,8,0,0.0000,23,0,0,0,0.6543
121,RandomStrategy,14,0,0,0,0,0.0000,14,0,0,0,0.6667
122,RandomStrategy,10,0,0,0,0,0.0000,10,0,0,0,0.4815
123,RandomStrategy,17,0,0,0,0,0.0000,17,0,0,0,0.7407
124,RandomStrategy,30,14343,5453,58,0,0.0000,20,10,0,0,0.6790
125,RandomStrategy,19,6,6,6,0,0.0000,19,0,0,0,0.7778
126,RandomStrategy,12,0,0,0,0,0.0000,12,0,0,0,0.5432
127,RandomStrategy,29,45957,45559,-3,1,0.1667,17,12,0,0,0.5926
128,RandomStrategy,16,72,57,15,0,0.0000,16,0,0,0,0.5185
129,RandomStrategy,15,0,0,0,0,0.0000,15,0,0,0,0.6049
130,RandomStrategy,28,172173,138671,73,0,0.0000,19,9,0,0,0.6543
131,RandomStrategy,15,0,0,0,0,0.0000,15,0,0,0,0.6049
132,RandomStrategy,13,0,0,0,0,0.0000,13,0,0,0,0.6543
133,RandomStrategy,11,1139,1139,1139,0,0.0000,11,0,0,0,0.4938
134,RandomStrategy,18,16,16,16,0,0.0000,18,0,0,0,0.6914
135,RandomStrategy,23,25029,24854,8,0,0.0000,23,0,0,0,0.7037
136,RandomStrategy,20,56998,57012,-14,1,0.5000,20,0,0,0,0.6667
137,RandomStrategy,16,0,0,0,0,0.0000,16,0,0,0,0.6790
138,RandomStrategy,20,5799,5799,5799,0,0.0000,20,0,0,0,0.7284
139,RandomStrategy,10,0,0,0,0,0.0000,10,0,0,0,0.4444
140,RandomStrategy,15,100,100,100,0,0.0000,15,0,0,0,0.6296
141,RandomStrategy,18,41,41,41,0,0.0000,18,0,0,0,0.6667
142,RandomStrategy,14,0,0,0,0,0.0000,14,0,0,0,0.5679
143,RandomStrategy,22,688,584,14,0,0.0000,17,5,0,0,0.6543
144,RandomStrategy,21,16662,17137,-475,1,0.5000,21,0,0,0,0.6667
145,RandomStrategy,11,0,0,0,0,0.0000,11,0,0,0,0.4691
146,RandomStrategy,15,0,0,0,0,0.0000,15,0,0,0,0.6420
147,RandomStrategy,26,8718,8343,2,0,0.0000,21,5,0,0,0.6667
148,RandomStrategy,20,281568,281568,281568,0,0.0000,20,0,0,0,0.7284
149,RandomStrategy,18,321,320,1,0,0.0000,18,0,0,0,0.6049
150,RandomStrategy,19,8297,7817,215,0,0.0000,19,0,0,0,0.5432
151,RandomStrategy,10,0,0,0,0,0.0000,10,0,0,0,0.4938
152,RandomStrategy,19,-514,-514,-514,1,1.0000,19,0,0,0,0.7160
153,RandomStrategy,15,62443,62443,62443,0,0.0000,15,0,0,0,0.5185
154,RandomStrategy,14,0,0,0,0,0.0000,14,0,0,0,0.6296
155,RandomStrategy,25,6119,3094,320,0,0.0000,14,11,0,0,0.5802
156,RandomStrategy,16,0,0,0,0,0.0000,16,0,0,0,0.6667
157,RandomStrategy,11,0,0,0,0,0.0000,11,0,0,0,0.5062
158,RandomStrategy,21,3229,2748,481,0,0.0000,21,0,0,0,0.6420
159,RandomStrategy,19,3111554,3111163,3,0,0.0000,19,0,0,0,0.6173
160,RandomStrategy,21,151636,151354,282,0,0.0000,21,0,0,0,0.6420
161,RandomStrategy,14,0,0,0,0,0.0000,14,0,0,0,0.6296
162,RandomStrategy,13,0,0,0,0,0.0000,13,0,0,0,0.4815
163,RandomStrategy,17,941729,941155,59,0,0.0000,17,0,0,0,0.4815
164,RandomStrategy,24,143,103,40,0,0.0000,24,0,0,0,0.7531
165,RandomStrategy,9,0,0,0,0,0.0000,9,0,0,0,0.4198
166,RandomStrategy,15,0,0,0,0,0.0000,15,0,0,0,0.6667
167,RandomStrategy,18,7365,7322,43,0,0.0000,18,0,0,0,0.5802
168,RandomStrategy,15,0,0,0,0,0.0000,15,0,0,0,0.6667
169,RandomStrategy,16,69,56,13,0,0.0000,16,0,0,0,0.5802
170,RandomStrategy,26,19341,16504,-5539,1,0.2000,21,5,0,0,0.5926
171,RandomStrategy,21,-120,26,-150,1,0.3333,21,0,0,0,0.6296
172,RandomStrategy,15,0,0,0,0,0.0000,15,0,0,0,0.6173
173,RandomStrategy,20,3722,3476,246,0,0.0000,20,0,0,0,0.5679
174,RandomStrategy,9,0,0,0,0,0.0000,9,0,0,0,0.3951
175,RandomStrategy,16,3422,3422,3422,0,0.0000,16,0,0,0,0.5802
176,RandomStrategy,15,44,44,44,0,0.0000,15,0,0,0,0.6173
177,RandomStrategy,13,0,0,0,0,0.0000,13,0,0,0,0.6420
178,RandomStrategy,17,24648,24648,24648,0,0.0000,17,0,0,0,0.6296
179,RandomStrategy,13,0,0,0,0,0.0000,13,0,0,0,0.5926
180,RandomStrategy,14,0,0,0,0,0.0000,14,0,0,0,0.5679
181,RandomStrategy,18,5,5,5,0,0.0000,18,0,0,0,0.6914
182,RandomStrategy,12,0,0,0,0,0.0000,12,0,0,0,0.5309
183,RandomStrategy,11,0,0,0,0,0.0000,11,0,0,0,0.5062
184,RandomStrategy,15,0,0,0,0,0.0000,15,0,0,0,0.6667
185,RandomStrategy,16,1175,1175,1175,0,0.0000,16,0,0,0,0.6049
186,RandomStrategy,14,0,0,0,0,0.0000,14,0,0,0,0.6543
187,RandomStrategy,15,0,0,0,0,0.0000,15,0,0,0,0.7284
188,RandomStrategy,14,0,0,0,0,0.0000,14,0,0,0,0.5802
189,RandomStrategy,18,0,0,0,0,0.0000,18,0,0,0,0.7778
190,RandomStrategy,14,0,0,0,0,0.0000,14,0,0,0,0.6173
191,RandomStrategy,21,86696,86642,54,0,0.0000,21,0,0,0,0.6049
192,RandomStrategy,17,-768183,3193,-771376,1,0.5000,17,0,0,0,0.5802
193,RandomStrategy,11,0,0,0,0,0.0000,11,0,0,0,0.5432
194,RandomStrategy,23,564,515,-55,1,0.2500,22,1,0,0,0.5802
195,RandomStrategy,15,3152373,3152351,22,0,0.0000,15,0,0,0,0.4321
196,RandomStrategy,22,483,330,-9,1,0.2500,19,3,0,0,0.6420
197,RandomStrategy,31,1209417,612567,11,0,0.0000,19,12,0,0,0.5556
198,RandomStrategy,15,0,0,0,0,0.0000,15,0,0,0,0.6049
199,RandomStrategy,18,50,50,50,0,0.0000,18,0,0,0,0.6420
200,RandomStrategy,20,443,379,64,0,0.0000,20,0,0,0,0.6790
201,RandomStrategy,14,13,13,13,0,0.0000,14,0,0,0,0.5062
202,RandomStrategy,11,0,0,0,0,0.0000,11,0,0,0,0.5556
203,RandomStrategy,13,0,0,0,0,0.0000,13,0,0,0,0.6543
204,RandomStrategy,13,0,0,0,0,0.0000,13,0,0,0,0.5926
205,RandomStrategy,20,5764,5669,95,0,0.0000,20,0,0,0,0.6543
206,RandomStrategy,11,0,0,0,0,0.0000,11,0,0,0,0.5185
207,RandomStrategy,15,9,9,9,0,0.0000,15,0,0,0,0.5309
208,RandomStrategy,15,-2144,98,-2242,1,0.5000,15,0,0,0,0.6296
209,RandomStrategy,16,-42,-42,-42,1,1.0000,16,0,0,0,0.6543
210,RandomStrategy,14,1458,1458,1458,0,0.0000,14,0,0,0,0.5556
211,RandomStrategy,19,4561,4031,530,0,0.0000,19,0,0,0,0.6543
212,RandomStrategy,11,0,0,0,0,0.0000,11,0,0,0,0.5309
213,RandomStrategy,31,11044,8526,0,0,0.0000,18,13,0,0,0.5432
214,RandomStrategy,16,803,754,49,0,0.0000,16,0,0,0,0.4444
215,RandomStrategy,13,0,0,0,0,0.0000,13,0,0,0,0.6296
216,RandomStrategy,25,50117,43869,4,0,0.0000,21,4,0,0,0.6420
217,RandomStrategy,26,151139,152162,-2142,1,0.2000,19,7,0,0,0.5309
218,RandomStrategy,18,331,327,4,0,0.0000,18,0,0,0,0.5802
219,RandomStrategy,9,0,0,0,0,0.0000,9,0,0,0,0.3951
220,RandomStrategy,18,-1,-1,-1,1,1.0000,18,0,0,0,0.6173
221,RandomStrategy,14,0,0,0,0,0.0000,14,0,0,0,0.5556
222,RandomStrategy,17,0,0,0,0,0.0000,17,0,0,0,0.6914
223,RandomStrategy,19,43518,43518,43518,0,0.0000,19,0,0,0,0.6914
224,RandomStrategy,15,10,10,10,0,0.0000,15,0,0,0,0.5802
225,RandomStrategy,12,0,0,0,0,0.0000,12,0,0,0,0.5802
226,RandomStrategy,19,11,6,5,0,0.0000,19,0,0,0,0.7037
227,RandomStrategy,15,0,0,0,0,0.0000,15,0,0,0,0.5802
228,RandomStrategy,13,0,0,0,0,0.0000,13,0,0,0,0.6173
229,RandomStrategy,24,71173,58025,335,0,0.0000,17,7,0,0,0.6296
230,RandomStrategy,18,0,0,0,0,0.0000,18,0,0,0,0.7160
231,RandomStrategy,15,9665865,9617674,43810,0,0.0000,15,0,0,0,0.5432
232,RandomStrategy,14,0,0,0,0,0.0000,14,0,0,0,0.6667
233,RandomStrategy,26,28775,28822,-208,1,0.2000,19,7,0,0,0.6296
234,RandomStrategy,23,10533,6929,85,0,0.0000,18,5,0,0,0.6173
235,RandomStrategy,11,0,0,0,0,0.0000,11,0,0,0,0.5185
236,RandomStrategy,13,365,365,365,0,0.0000,13,0,0,0,0.5802
237,RandomStrategy,17,264,264,264,0,0.0000,17,0,0,0,0.6914
238,RandomStrategy,11,0,0,0,0,0.0000,11,0,0,0,0.4568
239,RandomStrategy,15,0,0,0,0,0.0000,15,0,0,0,0.7160
240,RandomStrategy,17,0,0,0,0,0.0000,17,0,0,0,0.7654
241,RandomStrategy,15,2548,2548,2548,0,0.0000,15,0,0,0,0.6173
242,RandomStrategy,13,0,0,0,0,0.0000,13,0,0,0,0.5432
243,RandomStrategy,30,227,182,4,0,0.0000,24,6,0,0,0.7160
244,RandomStrategy,27,220,93,62,0,0.0000,20,7,0,0,0.6914
245,RandomStrategy,13,0,0,0,0,0.0000,13,0,0,0,0.5802
246,RandomStrategy,13,0,0,0,0,0.0000,13,0,0,0,0.6543
247,RandomStrategy,12,0,0,0,0,0.0000,12,0,0,0,0.5185
248,RandomStrategy,11,0,0,0,0,0.0000,11,0,0,0,0.4691
249,RandomStrategy,13,53,53,53,0,0.0000,13,0,0,0,0.5432
250,RandomStrategy,18,1951260,1951358,-98,1,0.5000,18,0,0,0,0.6296
251,RandomStrategy,27,49082,35870,35,0,0.0000,18,9,0,0,0.6667
252,RandomStrategy,16,0,0,0,0,0.0000,16,0,0,0,0.6667
253,RandomStrategy,15,0,0,0,0,0.0000,15,0,0,0,0.7160
254,RandomStrategy,11,130,130,130,0,0.0000,11,0,0,0,0.4815
255,RandomStrategy,15,0,0,0,0,0.0000,15,0,0,0,0.6914
256,RandomStrategy,16,739,633,1,0,0.0000,16,0,0,0,0.5185
257,RandomStrategy,25,1299,646,141,0,0.0000,25,0,0,0,0.6667
258,RandomStrategy,12,0,0,0,0,0.0000,12,0,0,0,0.5926
259,RandomStrategy,14,78,78,78,0,0.0000,14,0,0,0,0.5679
260,RandomStrategy,20,9123,8200,28,0,0.0000,20,0,0,0,0.6420
261,RandomStrategy,16,0,0,0,0,0.0000,16,0,0,0,0.7160
262,RandomStrategy,13,0,0,0,0,0.0000,13,0,0,0,0.5679
263,RandomStrategy,27,2769,2465,2,0,0.0000,22,5,0,0,0.5556
264,RandomStrategy,18,860,767,93,0,0.0000,18,0,0,0,0.6420
265,RandomStrategy,15,191,191,191,0,0.0000,15,0,0,0,0.6420
266,RandomStrategy,14,0,0,0,0,0.0000,14,0,0,0,0.5802
267,RandomStrategy,12,0,0,0,0,0.0000,12,0,0,0,0.5802
268,RandomStrategy,16,33,33,33,0,0.0000,16,0,0,0,0.5926
269,RandomStrategy,16,428,428,428,0,0.0000,16,0,0,0,0.6049
270,RandomStrategy,10,0,0,0,0,0.0000,10,0,0,0,0.4568
271,RandomStrategy,35,41939,31525,9,0,0.0000,20,15,0,0,0.7037
272,RandomStrategy,22,17,31,-40,1,0.3333,18,4,0,0,0.5679
273,RandomStrategy,19,24,17,7,0,0.0000,19,0,0,0,0.6420
274,RandomStrategy,17,229,229,229,0,0.0000,17,0,0,0,0.6173
275,RandomStrategy,13,0,0,0,0,0.0000,13,0,0,0,0.6296
276,RandomStrategy,24,4054,3520,6,0,0.0000,14,10,0,0,0.6296
277,RandomStrategy,27,-464,63,-545,1,0.2500,21,6,0,0,0.7160
278,RandomStrategy,12,0,0,0,0,0.0000,12,0,0,0,0.6543
279,RandomStrategy,10,0,0,0,0,0.0000,10,0,0,0,0.4691
280,RandomStrategy,18,51326840,51326723,116,0,0.0000,18,0,0,0,0.5679
281,RandomStrategy,16,106,106,106,0,0.0000,16,0,0,0,0.6543
282,RandomStrategy,19,221787,221787,221787,0,0.0000,19,0,0,0,0.6914
283,RandomStrategy,9,0,0,0,0,0.0000,9,0,0,0,0.3827
284,RandomStrategy,13,60,60,60,0,0.0000,13,0,0,0,0.5062
285,RandomStrategy,14,0,0,0,0,0.0000,14,0,0,0,0.6173
286,RandomStrategy,14,3299,3299,3299,0,0.0000,14,0,0,0,0.6173
287,RandomStrategy,7,0,0,0,0,0.0000,7,0,0,0,0.3580
288,RandomStrategy,31,17606,15854,4,0,0.0000,19,12,0,0,0.6667
289,RandomStrategy,15,0,0,0,0,0.0000,15,0,0,0,0.6173
290,RandomStrategy,18,39,34,5,0,0.0000,18,0,0,0,0.6049
291,RandomStrategy,16,0,0,0,0,0.0000,16,0,0,0,0.6173
292,RandomStrategy,12,0,0,0,0,0.0000,12,0,0,0,0.5432
293,RandomStrategy,10,0,0,0,0,0.0000,10,0,0,0,0.4568
294,RandomStrategy,29,879019,627814,1,0,0.0000,20,9,0,0,0.5926
295,RandomStrategy,21,6738,6729,9,0,0.0000,21,0,0,0,0.6420
296,RandomStrategy,15,0,0,0,0,0.0000,15,0,0,0,0.6543
297,RandomStrategy,13,48,48,48,0,0.0000,13,0,0,0,0.6296
298,RandomStrategy,20,643,539,104,0,0.0000,20,0,0,0,0.6914
299,RandomStrategy,14,0,0,0,0,0.0000,14,0,0,0,0.6790
300,RandomStrategy,35,980788,748123,10,0,0.0000,20,15,0,0,0.5556
301,RandomStrategy,19,2917,2917,2917,0,0.0000,19,0,0,0,0.6790
302,RandomStrategy,18,2692,2571,45,0,0.0000,18,0,0,0,0.5309
303,RandomStrategy,17,0,0,0,0,0.0000,17,0,0,0,0.7037
304,RandomStrategy,11,0,0,0,0,0.0000,11,0,0,0,0.5062
305,RandomStrategy,11,0,0,0,0,0.0000,11,0,0,0,0.4938
306,RandomStrategy,14,0,0,0,0,0.0000,14,0,0,0,0.5926
307,RandomStrategy,14,0,0,0,0,0.0000,14,0,0,0,0.6914
308,RandomStrategy,26,758685,692615,36,0,0.0000,21,5,0,0,0.6543
309,RandomStrategy,14,0,0,0,0,0.0000,14,0,0,0,0.6173
310,RandomStrategy,12,0,0,0,0,0.0000,12,0,0,0,0.5062
311,RandomStrategy,21,5867,5328,7,0,0.0000,21,0,0,0,0.6914
312,RandomStrategy,17,79198,79205,-7,1,0.5000,17,0,0,0,0.4691
313,RandomStrategy,12,43,43,43,0,0.0000,12,0,0,0,0.5062
314,RandomStrategy,15,0,0,0,0,0.0000,15,0,0,0,0.6914
315,RandomStrategy,17,1055,661,394,0,0.0000,17,0,0,0,0.5679
316,RandomStrategy,16,7,7,7,0,0.0000,16,0,0,0,0.5309
317,RandomStrategy,16,0,0,0,0,0.0000,16,0,0,0,0.6914
318,RandomStrategy,10,0,0,0,0,0.0000,10,0,0,0,0.4568
319,RandomStrategy,15,0,0,0,0,0.0000,15,0,0,0,0.6667
320,RandomStrategy,17,1722157,1722157,1722157,0,0.0000,17,0,0,0,0.6667
321,RandomStrategy,13,0,0,0,0,0.0000,13,0,0,0,0.5679
322,RandomStrategy,13,0,0,0,0,0.0000,13,0,0,0,0.6049
323,RandomStrategy,15,1386,1386,1386,0,0.0000,15,0,0,0,0.6173
324,RandomStrategy,19,132,132,132,0,0.0000,19,0,0,0,0.6543
325,RandomStrategy,18,-134449,-134449,-134449,1,1.0000,18,0,0,0,0.6790
326,RandomStrategy,13,0,0,0,0,0.0000,13,0,0,0,0.5926
327,RandomStrategy,15,86,86,86,0,0.0000,15,0,0,0,0.5556
328,RandomStrategy,11,-11,-11,-11,1,1.0000,11,0,0,0,0.3704
329,RandomStrategy,17,2392,2392,2392,0,0.0000,17,0,0,0,0.6543
330,RandomStrategy,9,0,0,0,0,0.0000,9,0,0,0,0.3704
331,RandomStrategy,9,0,0,0,0,0.0000,9,0,0,0,0.4568
332,RandomStrategy,19,855,858,-3,1,0.5000,19,0,0,0,0.6296
333,RandomStrategy,14,0,0,0,0,0.0000,14,0,0,0,0.6296
334,RandomStrategy,19,1075,541,91,0,0.0000,15,4,0,0,0.5926
335,RandomStrategy,13,0,0,0,0,0.0000,13,0,0,0,0.6049
336,RandomStrategy,18,52,52,52,0,0.0000,18,0,0,0,0.6296
337,RandomStrategy,16,4225,4225,4225,0,0.0000,16,0,0,0,0.6296
338,RandomStrategy,16,-335,-335,-335,1,1.0000,16,0,0,0,0.6296
339,RandomStrategy,25,202755,186116,104,0,0.0000,21,4,0,0,0.6173
340,RandomStrategy,15,443,443,443,0,0.0000,15,0,0,0,0.5432
341,RandomStrategy,17,0,0,0,0,0.0000,17,0,0,0,0.6296
342,RandomStrategy,22,9514,5195,160,0,0.0000,22,0,0,0,0.7160
343,RandomStrategy,14,0,0,0,0,0.0000,14,0,0,0,0.6049
344,RandomStrategy,18,644,644,644,0,0.0000,18,0,0,0,0.7160
345,RandomStrategy,14,0,0,0,0,0.0000,14,0,0,0,0.6543
346,RandomStrategy,17,-1051,368,-1419,1,0.5000,17,0,0,0,0.6296
347,RandomStrategy,17,154,154,154,0,0.0000,17,0,0,0,0.6173
348,RandomStrategy,14,0,0,0,0,0.0000,14,0,0,0,0.5309
349,RandomStrategy,13,6621,6621,6621,0,0.0000,13,0,0,0,0.6296
350,RandomStrategy,19,26377,26277,45,0,0.0000,19,0,0,0,0.5556
351,RandomStrategy,11,0,0,0,0,0.0000,11,0,0,0,0.5556
352,RandomStrategy,14,0,0,0,0,0.0000,14,0,0,0,0.6296
353,RandomStrategy,13,0,0,0,0,0.0000,13,0,0,0,0.5432
354,RandomStrategy,18,103918,97434,6484,0,0.0000,18,0,0,0,0.6173
355,RandomStrategy,16,0,0,0,0,0.0000,16,0,0,0,0.6543
356,RandomStrategy,12,0,0,0,0,0.0000,12,0,0,0,0.5679
357,RandomStrategy,16,0,0,0,0,0.0000,16,0,0,0,0.6667
358,RandomStrategy,19,32,32,32,0,0.0000,19,0,0,0,0.6790
359,RandomStrategy,13,0,0,0,0,0.0000,13,0,0,0,0.6049
360,RandomStrategy,12,0,0,0,0,0.0000,12,0,0,0,0.6049
361,RandomStrategy,13,-607,-607,-607,1,1.0000,13,0,0,0,0.4568
362,RandomStrategy,15,0,0,0,0,0.0000,15,0,0,0,0.6049
363,RandomStrategy,14,268,268,268,0,0.0000,14,0,0,0,0.5432
364,RandomStrategy,19,4084,3936,4,0,0.0000,19,0,0,0,0.6049
365,RandomStrategy,15,0,0,0,0,0.0000,15,0,0,0,0.6543
366,RandomStrategy,20,464160,464160,464160,0,0.0000,20,0,0,0,0.6543
367,RandomStrategy,16,76218,76218,76218,0,0.0000,16,0,0,0,0.5185
368,RandomStrategy,21,61450,61349,101,0,0.0000,21,0,0,0,0.6049
369,RandomStrategy,13,0,0,0,0,0.0000,13,0,0,0,0.6049
370,RandomStrategy,14,0,0,0,0,0.0000,14,0,0,0,0.6049
371,RandomStrategy,16,469783,469721,-24,1,0.3333,16,0,0,0,0.4321
372,RandomStrategy,20,3499,3489,10,0,0.0000,20,0,0,0,0.6049
373,RandomStrategy,12,0,0,0,0,0.0000,12,0,0,0,0.5926
374,RandomStrategy,15,0,0,0,0,0.0000,15,0,0,0,0.6790
375,RandomStrategy,15,6416375,6416375,6416375,0,0.0000,15,0,0,0,0.5926
376,RandomStrategy,24,85954,76252,39,0,0.0000,18,6,0,0,0.5802
377,RandomStrategy,13,1,1,1,0,0.0000,13,0,0,0,0.5309
378,RandomStrategy,14,0,0,0,0,0.0000,14,0,0,0,0.6667
379,RandomStrategy,18,24281,24224,57,0,0.0000,18,0,0,0,0.5185
380,RandomStrategy,25,61168,61078,24,0,0.0000,22,3,0,0,0.6049
381,RandomStrategy,27,31728,31111,12,0,0.0000,17,10,0,0,0.5556
382,RandomStrategy,12,6,6,6,0,0.0000,12,0,0,0,0.5432
383,RandomStrategy,11,0,0,0,0,0.0000,11,0,0,0,0.5185
384,RandomStrategy,15,39,39,39,0,0.0000,15,0,0,0,0.6049
385,RandomStrategy,18,2182828,2182828,2182828,0,0.0000,18,0,0,0,0.6914
386,RandomStrategy,14,0,0,0,0,0.0000,14,0,0,0,0.5926
387,RandomStrategy,13,0,0,0,0,0.0000,13,0,0,0,0.6543
388,RandomStrategy,13,0,0,0,0,0.0000,13,0,0,0,0.5556
389,RandomStrategy,27,385627,346514,3,0,0.0000,22,5,0,0,0.6914
390,RandomStrategy,13,0,0,0,0,0.0000,13,0,0,0,0.6049
391,RandomStrategy,16,0,0,0,0,0.0000,16,0,0,0,0.6790
392,RandomStrategy,16,0,0,0,0,0.0000,16,0,0,0,0.6914
393,RandomStrategy,18,148,145,3,0,0.0000,18,0,0,0,0.6173
394,RandomStrategy,18,8715,8711,4,0,0.0000,18,0,0,0,0.5679
395,RandomStrategy,16,8796,8796,8796,0,0.0000,16,0,0,0,0.6049
396,RandomStrategy,20,244919,244919,244919,0,0.0000,20,0,0,0,0.6790
397,RandomStrategy,18,23341,23271,70,0,0.0000,18,0,0,0,0.6543
398,RandomStrategy,18,33,33,33,0,0.0000,18,0,0,0,0.7037
399,RandomStrategy,17,31,31,31,0,0.0000,17,0,0,0,0.5802
400,RandomStrategy,15,0,0,0,0,0.0000,15,0,0,0,0.6173
401,RandomStrategy,19,15557,15563,-6,1,0.5000,19,0,0,0,0.6296
402,RandomStrategy,16,563629,563629,563629,0,0.0000,16,0,0,0,0.6049
403,RandomStrategy,19,219767,219651,116,0,0.0000,19,0,0,0,0.6296
404,RandomStrategy,23,85843,52387,112,0,0.0000,21,2,0,0,0.6667
405,RandomStrategy,15,45,45,45,0,0.0000,15,0,0,0,0.6420
406,RandomStrategy,17,6353,6353,6353,0,0.0000,17,0,0,0,0.6049
407,RandomStrategy,13,0,0,0,0,0.0000,13,0,0,0,0.6173
408,RandomStrategy,14,0,0,0,0,0.0000,14,0,0,0,0.6173
409,RandomStrategy,9,0,0,0,0,0.0000,9,0,0,0,0.3580
410,RandomStrategy,15,0,0,0,0,0.0000,15,0,0,0,0.6543
411,RandomStrategy,17,5157,4635,522,0,0.0000,17,0,0,0,0.5556
412,RandomStrategy,13,0,0,0,0,0.0000,13,0,0,0,0.5556
413,RandomStrategy,15,2773,2715,58,0,0.0000,15,0,0,0,0.5062
414,RandomStrategy,14,43496,43496,43496,0,0.0000,14,0,0,0,0.5802
415,RandomStrategy,16,7,7,7,0,0.0000,16,0,0,0,0.5802
416,RandomStrategy,11,0,0,0,0,0.0000,11,0,0,0,0.4815
417,RandomStrategy,19,9224,9224,9224,0,0.0000,19,0,0,0,0.7160
418,RandomStrategy,12,2457,2457,2457,0,0.0000,12,0,0,0,0.5062
419,RandomStrategy,7,0,0,0,0,0.0000,7,0,0,0,0.3951
420,RandomStrategy,20,534,534,534,0,0.0000,20,0,0,0,0.6790
421,RandomStrategy,11,0,0,0,0,0.0000,11,0,0,0,0.4938
422,RandomStrategy,19,1,1,1,0,0.0000,19,0,0,0,0.6667
423,RandomStrategy,22,-1219,1429,-2648,1,0.5000,22,0,0,0,0.6790
424,RandomStrategy,13,0,0,0,0,0.0000,13,0,0,0,0.6296
425,RandomStrategy,15,6420,6420,6420,0,0.0000,15,0,0,0,0.5802
426,RandomStrategy,16,4181,4181,4181,0,0.0000,16,0,0,0,0.6790
427,RandomStrategy,21,6143699,6143551,148,0,0.0000,21,0,0,0,0.7407
428,RandomStrategy,13,0,0,0,0,0.0000,13,0,0,0,0.6296
429,RandomStrategy,23,37,16,8,0,0.0000,23,0,0,0,0.5679
430,RandomStrategy,16,77588,74420,3168,0,0.0000,16,0,0,0,0.4568
431,RandomStrategy,20,759969,757532,2437,0,0.0000,20,0,0,0,0.6790
432,RandomStrategy,20,41,35,6,0,0.0000,20,0,0,0,0.5556
433,RandomStrategy,12,0,0,0,0,0.0000,12,0,0,0,0.5802
434,RandomStrategy,21,-8611,89,-8709,1,0.3333,21,0,0,0,0.5926
435,RandomStrategy,21,47,47,47,0,0.0000,21,0,0,0,0.6543
436,RandomStrategy,15,113,113,113,0,0.0000,15,0,0,0,0.6049
437,RandomStrategy,9,0,0,0,0,0.0000,9,0,0,0,0.5185
438,RandomStrategy,14,0,0,0,0,0.0000,14,0,0,0,0.6296
439,RandomStrategy,14,0,0,0,0,0.0000,14,0,0,0,0.6173
440,RandomStrategy,16,33,33,33,0,0.0000,16,0,0,0,0.5185
441,RandomStrategy,13,0,0,0,0,0.0000,13,0,0,0,0.6049
442,RandomStrategy,19,279,266,12,0,0.0000,19,0,0,0,0.5679
443,RandomStrategy,16,80,80,80,0,0.0000,16,0,0,0,0.5679
444,RandomStrategy,15,12,12,12,0,0.0000,15,0,0,0,0.5926
445,RandomStrategy,14,0,0,0,0,0.0000,14,0,0,0,0.6420
446,RandomStrategy,16,718,718,718,0,0.0000,16,0,0,0,0.6914
447,RandomStrategy,15,0,0,0,0,0.0000,15,0,0,0,0.6914
448,RandomStrategy,14,0,0,0,0,0.0000,14,0,0,0,0.6420
449,RandomStrategy,13,0,0,0,0,0.0000,13,0,0,0,0.6049
450,RandomStrategy,18,260,260,260,0,0.0000,18,0,0,0,0.6049
451,RandomStrategy,18,259,230,29,0,0.0000,18,0,0,0,0.6296
452,RandomStrategy,14,0,0,0,0,0.0000,14,0,0,0,0.6296
453,RandomStrategy,13,0,0,0,0,0.0000,13,0,0,0,0.6420
454,RandomStrategy,12,0,0,0,0,0.0000,12,0,0,0,0.5309
455,RandomStrategy,23,228,249,-130,1,0.3333,17,6,0,0,0.6173
456,RandomStrategy,15,0,0,0,0,0.0000,15,0,0,0,0.6543
457,RandomStrategy,9,0,0,0,0,0.0000,9,0,0,0,0.4444
458,RandomStrategy,17,0,0,0,0,0.0000,17,0,0,0,0.6173
459,RandomStrategy,16,2558,4564,-2462,1,0.5000,16,0,0,0,0.5432
460,RandomStrategy,17,6456,6456,6456,0,0.0000,17,0,0,0,0.6667
461,RandomStrategy,18,0,0,0,0,0.0000,18,0,0,0,0.7160
462,RandomStrategy,22,4149,3463,340,0,0.0000,22,0,0,0,0.6914
463,RandomStrategy,20,6565,6421,144,0,0.0000,20,0,0,0,0.7037
464,RandomStrategy,14,0,0,0,0,0.0000,14,0,0,0,0.6543
465,RandomStrategy,23,1260735,1254745,33,0,0.0000,21,2,0,0,0.6420
466,RandomStrategy,17,56790,56790,56790,0,0.0000,17,0,0,0,0.5432
467,RandomStrategy,13,0,0,0,0,0.0000,13,0,0,0,0.5432
468,RandomStrategy,22,106,106,106,0,0.0000,22,0,0,0,0.6790
469,RandomStrategy,15,0,0,0,0,0.0000,15,0,0,0,0.6049
470,RandomStrategy,24,7548,5626,431,0,0.0000,20,4,0,0,0.7037
471,RandomStrategy,17,46,46,46,0,0.0000,17,0,0,0,0.6543
472,RandomStrategy,11,0,0,0,0,0.0000,11,0,0,0,0.4444
473,RandomStrategy,15,0,0,0,0,0.0000,15,0,0,0,0.6296
474,RandomStrategy,14,0,0,0,0,0.0000,14,0,0,0,0.6420
475,RandomStrategy,13,0,0,0,0,0.0000,13,0,0,0,0.6543
476,RandomStrategy,14,0,0,0,0,0.0000,14,0,0,0,0.7407
477,RandomStrategy,14,0,0,0,0,0.0000,14,0,0,0,0.6420
478,RandomStrategy,15,0,0,0,0,0.0000,15,0,0,0,0.6049
479,RandomStrategy,16,3136867,3136867,3136867,0,0.0000,16,0,0,0,0.6420
480,RandomStrategy,23,4462,5076,-2487,1,0.3333,18,5,0,0,0.7160
481,RandomStrategy,13,0,0,0,0,0.0000,13,0,0,0,0.5802
482,RandomStrategy,13,0,0,0,0,0.0000,13,0,0,0,0.6296
483,RandomStrategy,15,0,0,0,0,0.0000,15,0,0,0,0.6296
484,RandomStrategy,15,0,0,0,0,0.0000,15,0,0,0,0.6790
485,RandomStrategy,17,63,63,63,0,0.0000,17,0,0,0,0.5802
486,RandomStrategy,7,0,0,0,0,0.0000,7,0,0,0,0.3333
487,RandomStrategy,15,633528,633512,16,0,0.0000,15,0,0,0,0.5432
488,RandomStrategy,26,1242,824,-162,1,0.2000,19,7,0,0,0.7037
489,RandomStrategy,12,0,0,0,0,0.0000,12,0,0,0,0.5185
490,RandomStrategy,18,223,223,223,0,0.0000,18,0,0,0,0.6667
491,RandomStrategy,18,-12600,4,-12604,1,0.5000,18,0,0,0,0.5309
492,RandomStrategy,17,0,0,0,0,0.0000,17,0,0,0,0.7037
493,RandomStrategy,20,4332,4286,46,0,0.0000,20,0,0,0,0.6420
494,RandomStrategy,15,4245,4245,4245,0,0.0000,15,0,0,0,0.6296
495,RandomStrategy,19,64,64,64,0,0.0000,19,0,0,0,0.7160
496,RandomStrategy,12,0,0,0,0,0.0000,12,0,0,0,0.5432
497,RandomStrategy,10,0,0,0,0,0.0000,10,0,0,0,0.4444
498,RandomStrategy,19,-20,40,-60,1,0.5000,19,0,0,0,0.6420
499,RandomStrategy,10,0,0,0,0,0.0000,10,0,0,0,0.4691
500,RandomStrategy,14,0,0,0,0,0.0000,14,0,0,0,0.5802
501,RandomStrategy,21,5858,5793,65,0,0.0000,21,0,0,0,0.6296
502,RandomStrategy,15,86,86,86,0,0.0000,15,0,0,0,0.6296
503,RandomStrategy,20,504,263,241,0,0.0000,20,0,0,0,0.6667
504,RandomStrategy,13,0,0,0,0,0.0000,13,0,0,0,0.5802
505,RandomStrategy,12,0,0,0,0,0.0000,12,0,0,0,0.5185
506,RandomStrategy,21,116,114,-3,1,0.3333,21,0,0,0,0.5926
507,RandomStrategy,11,13,13,13,0,0.0000,11,0,0,0,0.4815
508,RandomStrategy,12,0,0,0,0,0.0000,12,0,0,0,0.6049
509,RandomStrategy,18,77,65,12,0,0.0000,18,0,0,0,0.5926
510,RandomStrategy,14,1456,1456,1456,0,0.0000,14,0,0,0,0.5432
511,RandomStrategy,13,0,0,0,0,0.0000,13,0,0,0,0.6173
512,RandomStrategy,19,2239,1608,631,0,0.0000,19,0,0,0,0.6296
513,RandomStrategy,11,0,0,0,0,0.0000,11,0,0,0,0.4938
514,RandomStrategy,9,0,0,0,0,0.0000,9,0,0,0,0.4074
515,RandomStrategy,21,14,12,2,0,0.0000,21,0,0,0,0.7284
516,RandomStrategy,11,0,0,0,0,0.0000,11,0,0,0,0.5185
517,RandomStrategy,22,1589,1364,5,0,0.0000,17,5,0,0,0.6296
518,RandomStrategy,15,0,0,0,0,0.0000,15,0,0,0,0.6049
519,RandomStrategy,12,0,0,0,0,0.0000,12,0,0,0,0.6173
520,RandomStrategy,13,7954524,7954524,7954524,0,0.0000,13,0,0,0,0.5679
521,RandomStrategy,13,6,6,6,0,0.0000,13,0,0,0,0.5556
522,RandomStrategy,23,4161,3298,2,0,0.0000,20,3,0,0,0.5556
523,RandomStrategy,13,0,0,0,0,0.0000,13,0,0,0,0.6543
524,RandomStrategy,16,21333,21333,21333,0,0.0000,16,0,0,0,0.5802
525,RandomStrategy,13,0,0,0,0,0.0000,13,0,0,0,0.6296
526,RandomStrategy,12,0,0,0,0,0.0000,12,0,0,0,0.5185
527,RandomStrategy,13,0,0,0,0,0.0000,13,0,0,0,0.6173
528,RandomStrategy,14,0,0,0,0,0.0000,14,0,0,0,0.6296
529,RandomStrategy,13,215,215,215,0,0.0000,13,0,0,0,0.3951
530,RandomStrategy,13,0,0,0,0,0.0000,13,0,0,0,0.5309
531,RandomStrategy,12,0,0,0,0,0.0000,12,0,0,0,0.5556
532,RandomStrategy,21,45038,31317,-3,1,0.2500,17,4,0,0,0.5185
533,RandomStrategy,20,3055,2565,15,0,0.0000,20,0,0,0,0.6173
534,RandomStrategy,25,68109,61890,6,0,0.0000,23,2,0,0,0.7037
535,RandomStrategy,13,0,0,0,0,0.0000,13,0,0,0,0.5802
536,RandomStrategy,15,335,335,335,0,0.0000,15,0,0,0,0.5556
537,RandomStrategy,17,125,125,125,0,0.0000,17,0,0,0,0.5679
538,RandomStrategy,21,23568,22264,288,0,0.0000,15,6,0,0,0.6049
539,RandomStrategy,13,32,32,32,0,0.0000,13,0,0,0,0.4815
540,RandomStrategy,20,791,712,7,0,0.0000,20,0,0,0,0.6049
541,RandomStrategy,11,0,0,0,0,0.0000,11,0,0,0,0.5185
542,RandomStrategy,12,0,0,0,0,0.0000,12,0,0,0,0.4198
543,RandomStrategy,17,31241264,31241263,31241263,0,0.0000,17,0,0,0,0.6543
544,RandomStrategy,9,0,0,0,0,0.0000,9,0,0,0,0.4938
545,RandomStrategy,14,0,0,0,0,0.0000,14,0,0,0,0.6420
546,RandomStrategy,24,397676,344659,68,0,0.0000,18,6,0,0,0.4938
547,RandomStrategy,17,0,0,0,0,0.0000,17,0,0,0,0.7284
548,RandomStrategy,10,0,0,0,0,0.0000,10,0,0,0,0.4815
549,RandomStrategy,23,84448701,84448534,52,0,0.0000,23,0,0,0,0.6296
550,RandomStrategy,11,0,0,0,0,0.0000,11,0,0,0,0.5185
551,RandomStrategy,12,0,0,0,0,0.0000,12,0,0,0,0.5309
552,RandomStrategy,17,71,45,24,0,0.0000,17,0,0,0,0.5432
553,RandomStrategy,17,14508,7627,6119,0,0.0000,17,0,0,0,0.5185
554,RandomStrategy,18,56,56,56,0,0.0000,18,0,0,0,0.7160
555,RandomStrategy,15,4,4,4,0,0.0000,15,0,0,0,0.5926
556,RandomStrategy,16,0,0,0,0,0.0000,16,0,0,0,0.6543
557,RandomStrategy,9,0,0,0,0,0.0000,9,0,0,0,0.4568
558,RandomStrategy,17,1522,1522,1522,0,0.0000,17,0,0,0,0.6296
559,RandomStrategy,14,0,0,0,0,0.0000,14,0,0,0,0.6914
560,RandomStrategy,14,0,0,0,0,0.0000,14,0,0,0,0.6790
561,RandomStrategy,12,42,42,42,0,0.0000,12,0,0,0,0.5062
562,RandomStrategy,13,0,0,0,0,0.0000,13,0,0,0,0.5556
563,RandomStrategy,14,0,0,0,0,0.0000,14,0,0,0,0.6173
564,RandomStrategy,13,0,0,0,0,0.0000,13,0,0,0,0.5926
565,RandomStrategy,19,-9,-9,-9,1,1.0000,19,0,0,0,0.7160
566,RandomStrategy,14,51455,51455,51455,0,0.0000,14,0,0,0,0.5802
567,RandomStrategy,19,7487,6257,1230,0,0.0000,19,0,0,0,0.6420
568,RandomStrategy,24,1357625,1353978,31,0,0.0000,19,5,0,0,0.6173
569,RandomStrategy,15,3842,3842,3842,0,0.0000,15,0,0,0,0.6049
570,RandomStrategy,19,7489,8349,-872,1,0.3333,19,0,0,0,0.5556
571,RandomStrategy,10,0,0,0,0,0.0000,10,0,0,0,0.4691
572,RandomStrategy,10,0,0,0,0,0.0000,10,0,0,0,0.4691
573,RandomStrategy,23,42163209,42162141,2,0,0.0000,21,2,0,0,0.6173
574,RandomStrategy,16,0,0,0,0,0.0000,16,0,0,0,0.6420
575,RandomStrategy,13,0,0,0,0,0.0000,13,0,0,0,0.5679
576,RandomStrategy,11,0,0,0,0,0.0000,11,0,0,0,0.4568
577,RandomStrategy,16,2643,2643,2643,0,0.0000,16,0,0,0,0.6049
578,RandomStrategy,18,96,92,4,0,0.0000,18,0,0,0,0.7037
579,RandomStrategy,20,100282656,74612725,25669927,0,0.0000,20,0,0,0,0.6420
580,RandomStrategy,18,379271,259257,37,0,0.0000,14,4,0,0,0.5802
581,RandomStrategy,12,0,0,0,0,0.0000,12,0,0,0,0.5802
582,RandomStrategy,26,17804,12988,5,0,0.0000,26,0,0,0,0.7531
583,RandomStrategy,22,62923,61331,426,0,0.0000,22,0,0,0,0.6667
584,RandomStrategy,16,743,720,23,0,0.0000,16,0,0,0,0.5185
585,RandomStrategy,14,16,16,16,0,0.0000,14,0,0,0,0.5802
586,RandomStrategy,10,0,0,0,0,0.0000,10,0,0,0,0.4815
587,RandomStrategy,12,0,0,0,0,0.0000,12,0,0,0,0.5679
588,RandomStrategy,20,6089,6082,-48,1,0.3333,20,0,0,0,0.5802
589,RandomStrategy,15,0,0,0,0,0.0000,15,0,0,0,0.6420
590,RandomStrategy,18,22,26,-4,1,0.5000,18,0,0,0,0.6296
591,RandomStrategy,17,104,104,104,0,0.0000,17,0,0,0,0.6296
592,RandomStrategy,33,684380,676432,22,0,0.0000,20,13,0,0,0.6049
593,RandomStrategy,16,34076,34076,34076,0,0.0000,16,0,0,0,0.5926
594,RandomStrategy,22,1859,1854,5,0,0.0000,22,0,0,0,0.6667
595,RandomStrategy,14,0,0,0,0,0.0000,14,0,0,0,0.6543
596,RandomStrategy,10,0,0,0,0,0.0000,10,0,0,0,0.4691
597,RandomStrategy,19,-671,101,-772,1,0.5000,19,0,0,0,0.5679
598,RandomStrategy,19,1077,1077,1077,0,0.0000,19,0,0,0,0.6790
599,RandomStrategy,17,0,0,0,0,0.0000,17,0,0,0,0.7037
600,RandomStrategy,30,545132,473452,6,0,0.0000,20,10,0,0,0.5556
601,RandomStrategy,13,0,0,0,0,0.0000,13,0,0,0,0.6420
602,RandomStrategy,18,0,0,0,0,0.0000,18,0,0,0,0.7531
603,RandomStrategy,13,0,0,0,0,0.0000,13,0,0,0,0.5926
604,RandomStrategy,15,0,0,0,0,0.0000,15,0,0,0,0.6420
605,RandomStrategy,14,0,0,0,0,0.0000,14,0,0,0,0.6296
606,RandomStrategy,19,33982232,33982232,33982232,0,0.0000,19,0,0,0,0.6914
607,RandomStrategy,19,5,5,5,0,0.0000,19,0,0,0,0.7160
608,RandomStrategy,17,89,89,89,0,0.0000,17,0,0,0,0.6667
609,RandomStrategy,26,43707,43500,11,0,0.0000,23,3,0,0,0.5679
610,RandomStrategy,15,0,0,0,0,0.0000,15,0,0,0,0.5926
611,RandomStrategy,22,191,85,42,0,0.0000,22,0,0,0,0.6296
612,RandomStrategy,16,0,0,0,0,0.0000,16,0,0,0,0.6914
613,RandomStrategy,16,4,4,4,0,0.0000,16,0,0,0,0.6420
614,RandomStrategy,10,0,0,0,0,0.0000,10,0,0,0,0.4815
615,RandomStrategy,9,0,0,0,0,0.0000,9,0,0,0,0.3951
616,RandomStrategy,20,564,564,564,0,0.0000,20,0,0,0,0.7531
617,RandomStrategy,12,0,0,0,0,0.0000,12,0,0,0,0.5432
618,RandomStrategy,18,2256,2134,122,0,0.0000,18,0,0,0,0.5802
619,RandomStrategy,18,156863,156863,156863,0,0.0000,18,0,0,0,0.6420
620,RandomStrategy,28,16955795,16934161,35,0,0.0000,24,4,0,0,0.6914
621,RandomStrategy,13,0,0,0,0,0.0000,13,0,0,0,0.6173
622,RandomStrategy,14,1245,1245,1245,0,0.0000,14,0,0,0,0.4815
623,RandomStrategy,12,0,0,0,0,0.0000,12,0,0,0,0.5432
624,RandomStrategy,19,5,5,5,0,0.0000,19,0,0,0,0.6914
625,RandomStrategy,14,0,0,0,0,0.0000,14,0,0,0,0.5185
626,RandomStrategy,18,-808,-333,-432,2,1.0000,18,0,0,0,0.6173
627,RandomStrategy,18,433,433,433,0,0.0000,18,0,0,0,0.6173
628,RandomStrategy,18,991,991,991,0,0.0000,18,0,0,0,0.6420
629,RandomStrategy,14,6134134,6134134,6134134,0,0.0000,14,0,0,0,0.5556
630,RandomStrategy,16,25,25,25,0,0.0000,16,0,0,0,0.5679
631,RandomStrategy,16,46,46,46,0,0.0000,16,0,0,0,0.6420
632,RandomStrategy,6,0,0,0,0,0.0000,6,0,0,0,0.2716
633,RandomStrategy,20,361334237,361235846,-285750,1,0.3333,20,0,0,0,0.5802
634,RandomStrategy,14,0,0,0,0,0.0000,14,0,0,0,0.5679
635,RandomStrategy,15,0,0,0,0,0.0000,15,0,0,0,0.6420
636,RandomStrategy,17,158,158,158,0,0.0000,17,0,0,0,0.6049
637,RandomStrategy,16,38,38,38,0,0.0000,16,0,0,0,0.6049
638,RandomStrategy,17,32613,32613,32613,0,0.0000,17,0,0,0,0.5802
639,RandomStrategy,14,6,6,6,0,0.0000,14,0,0,0,0.5802
640,RandomStrategy,26,6605,5746,198,0,0.0000,26,0,0,0,0.6914
641,RandomStrategy,9,0,0,0,0,0.0000,9,0,0,0,0.4691
642,RandomStrategy,21,6055,6048,7,0,0.0000,21,0,0,0,0.7037
643,RandomStrategy,14,0,0,0,0,0.0000,14,0,0,0,0.6173
644,RandomStrategy,23,15517,13623,1,0,0.0000,23,0,0,0,0.6667
645,RandomStrategy,12,0,0,0,0,0.0000,12,0,0,0,0.6049
646,RandomStrategy,14,0,0,0,0,0.0000,14,0,0,0,0.6049
647,RandomStrategy,20,58817,58817,58817,0,0.0000,20,0,0,0,0.6296
648,RandomStrategy,14,0,0,0,0,0.0000,14,0,0,0,0.6173
649,RandomStrategy,16,1997,1997,1997,0,0.0000,16,0,0,0,0.5802
650,RandomStrategy,15,0,0,0,0,0.0000,15,0,0,0,0.6667
651,RandomStrategy,24,398,1135,-738,1,0.3333,24,0,0,0,0.6790
652,RandomStrategy,15,0,0,0,0,0.0000,15,0,0,0,0.6790
653,RandomStrategy,23,73290,72267,54,0,0.0000,23,0,0,0,0.7037
654,RandomStrategy,36,1032339,556544,0,0,0.0000,18,13,5,0,0.7284
655,RandomStrategy,17,0,0,0,0,0.0000,17,0,0,0,0.6790
656,RandomStrategy,10,0,0,0,0,0.0000,10,0,0,0,0.4198
657,RandomStrategy,12,0,0,0,0,0.0000,12,0,0,0,0.5926
658,RandomStrategy,18,46,46,46,0,0.0000,18,0,0,0,0.7160
659,RandomStrategy,17,0,0,0,0,0.0000,17,0,0,0,0.6790
660,RandomStrategy,18,3525,3525,3525,0,0.0000,18,0,0,0,0.6790
661,RandomStrategy,14,0,0,0,0,0.0000,14,0,0,0,0.6667
662,RandomStrategy,43,279638,242219,-309,3,0.2500,14,17,12,0,0.6914
663,RandomStrategy,14,0,0,0,0,0.0000,14,0,0,0,0.6543
664,RandomStrategy,14,0,0,0,0,0.0000,14,0,0,0,0.6296
665,RandomStrategy,13,263,263,263,0,0.0000,13,0,0,0,0.4444
666,RandomStrategy,21,5364,5364,5364,0,0.0000,21,0,0,0,0.6790
667,RandomStrategy,15,17,17,17,0,0.0000,15,0,0,0,0.5679
668,RandomStrategy,15,0,0,0,0,0.0000,15,0,0,0,0.7160
669,RandomStrategy,17,19,19,19,0,0.0000,17,0,0,0,0.6420
670,RandomStrategy,20,6815,6777,38,0,0.0000,20,0,0,0,0.5556
671,RandomStrategy,18,672159744,672159742,672159742,0,0.0000,18,0,0,0,0.6296
672,RandomStrategy,16,0,0,0,0,0.0000,16,0,0,0,0.6914
673,RandomStrategy,16,44,44,44,0,0.0000,16,0,0,0,0.6049
674,RandomStrategy,16,56,56,56,0,0.0000,16,0,0,0,0.5679
675,RandomStrategy,16,0,0,0,0,0.0000,16,0,0,0,0.6296
676,RandomStrategy,12,0,0,0,0,0.0000,12,0,0,0,0.6914
677,RandomStrategy,18,0,0,0,0,0.0000,18,0,0,0,0.7160
678,RandomStrategy,13,763155,763155,763155,0,0.0000,13,0,0,0,0.5556
679,RandomStrategy,13,0,0,0,0,0.0000,13,0,0,0,0.6049
680,RandomStrategy,12,0,0,0,0,0.0000,12,0,0,0,0.5556
681,RandomStrategy,14,0,0,0,0,0.0000,14,0,0,0,0.6296
682,RandomStrategy,12,24419,24419,24419,0,0.0000,12,0,0,0,0.4938
683,RandomStrategy,11,0,0,0,0,0.0000,11,0,0,0,0.5679
684,RandomStrategy,20,417803,417762,41,0,0.0000,20,0,0,0,0.6173
685,RandomStrategy,14,55,55,55,0,0.0000,14,0,0,0,0.6790
686,RandomStrategy,8,0,0,0,0,0.0000,8,0,0,0,0.4444
687,RandomStrategy,13,7618,7618,7618,0,0.0000,13,0,0,0,0.4938
688,RandomStrategy,20,67,65,2,0,0.0000,20,0,0,0,0.7654
689,RandomStrategy,12,0,0,0,0,0.0000,12,0,0,0,0.5062
690,RandomStrategy,19,879,622,257,0,0.0000,19,0,0,0,0.6296
691,RandomStrategy,22,54397,53819,-39,1,0.3333,18,4,0,0,0.6049
692,RandomStrategy,12,0,0,0,0,0.0000,12,0,0,0,0.5309
693,RandomStrategy,20,135,127,8,0,0.0000,20,0,0,0,0.5926
694,RandomStrategy,10,0,0,0,0,0.0000,10,0,0,0,0.5309
695,RandomStrategy,10,0,0,0,0,0.0000,10,0,0,0,0.4444
696,RandomStrategy,14,911,816,95,0,0.0000,14,0,0,0,0.5432
697,RandomStrategy,13,0,0,0,0,0.0000,13,0,0,0,0.6543
698,RandomStrategy,25,2555267,2452309,12,0,0.0000,18,7,0,0,0.6173
699,RandomStrategy,21,38504,34625,417,0,0.0000,21,0,0,0,0.6667
700,RandomStrategy,15,499,499,499,0,0.0000,15,0,0,0,0.5556
701,RandomStrategy,22,58427,55175,32,0,0.0000,19,3,0,0,0.6420
702,RandomStrategy,16,0,0,0,0,0.0000,16,0,0,0,0.7284
703,RandomStrategy,19,1604,1543,61,0,0.0000,19,0,0,0,0.6049
704,RandomStrategy,24,26615,24320,-137,1,0.5000,24,0,0,0,0.7284
705,RandomStrategy,11,101,101,101,0,0.0000,11,0,0,0,0.5309
706,RandomStrategy,13,0,0,0,0,0.0000,13,0,0,0,0.5185
707,RandomStrategy,18,111,111,111,0,0.0000,18,0,0,0,0.7037
708,RandomStrategy,13,0,0,0,0,0.0000,13,0,0,0,0.5432
709,RandomStrategy,16,-41,-41,-41,1,1.0000,16,0,0,0,0.6420
710,RandomStrategy,16,5,5,5,0,0.0000,16,0,0,0,0.6543
711,RandomStrategy,23,1412,740,672,0,0.0000,17,6,0,0,0.6420
712,RandomStrategy,16,3453554,3453554,3453554,0,0.0000,16,0,0,0,0.5926
713,RandomStrategy,12,57566,57566,57566,0,0.0000,12,0,0,0,0.4938
714,RandomStrategy,14,6222346,6222346,6222346,0,0.0000,14,0,0,0,0.5802
715,RandomStrategy,23,476184,444811,98,0,0.0000,23,0,0,0,0.7407
716,RandomStrategy,14,0,0,0,0,0.0000,14,0,0,0,0.7037
717,RandomStrategy,18,3,3,3,0,0.0000,18,0,0,0,0.6173
718,RandomStrategy,18,6655,6486,-163,1,0.3333,18,0,0,0,0.5185
719,RandomStrategy,21,-36620,148,-36799,1,0.3333,21,0,0,0,0.6667
720,RandomStrategy,17,0,0,0,0,0.0000,17,0,0,0,0.6296
721,RandomStrategy,12,0,0,0,0,0.0000,12,0,0,0,0.5432
722,RandomStrategy,14,0,0,0,0,0.0000,14,0,0,0,0.6049
723,RandomStrategy,17,1,1,1,0,0.0000,17,0,0,0,0.6049
724,RandomStrategy,19,417,417,417,0,0.0000,19,0,0,0,0.6667
725,RandomStrategy,14,0,0,0,0,0.0000,14,0,0,0,0.6049
726,RandomStrategy,19,26,26,26,0,0.0000,19,0,0,0,0.7037
727,RandomStrategy,12,2238,2238,2238,0,0.0000,12,0,0,0,0.4198
728,RandomStrategy,17,972,740,6,0,0.0000,17,0,0,0,0.5556
729,RandomStrategy,18,94318,94318,94318,0,0.0000,18,0,0,0,0.6790
730,RandomStrategy,18,33424,33424,33424,0,0.0000,18,0,0,0,0.6667
731,RandomStrategy,21,5590,5525,65,0,0.0000,21,0,0,0,0.6173
732,RandomStrategy,14,0,0,0,0,0.0000,14,0,0,0,0.6049
733,RandomStrategy,13,0,0,0,0,0.0000,13,0,0,0,0.6296
734,RandomStrategy,15,1,1,1,0,0.0000,15,0,0,0,0.4691
735,RandomStrategy,13,0,0,0,0,0.0000,13,0,0,0,0.5679
736,RandomStrategy,16,0,0,0,0,0.0000,16,0,0,0,0.6914
737,RandomStrategy,30,255400584,255328825,3,0,0.0000,19,11,0,0,0.6914
738,RandomStrategy,17,12,12,12,0,0.0000,17,0,0,0,0.6420
739,RandomStrategy,13,9756251,9756251,9756251,0,0.0000,13,0,0,0,0.5556
740,RandomStrategy,13,0,0,0,0,0.0000,13,0,0,0,0.6790
741,RandomStrategy,16,0,0,0,0,0.0000,16,0,0,0,0.6790
742,RandomStrategy,13,0,0,0,0,0.0000,13,0,0,0,0.5679
743,RandomStrategy,23,28220,28217,3,0,0.0000,17,6,0,0,0.6543
744,RandomStrategy,22,81,72,9,0,0.0000,22,0,0,0,0.6420
745,RandomStrategy,7,0,0,0,0,0.0000,7,0,0,0,0.4444
746,RandomStrategy,16,1342653,1342441,212,0,0.0000,16,0,0,0,0.6173
747,RandomStrategy,13,0,0,0,0,0.0000,13,0,0,0,0.6173
748,RandomStrategy,10,155,155,155,0,0.0000,10,0,0,0,0.4321
749,RandomStrategy,13,0,0,0,0,0.0000,13,0,0,0,0.6173
750,RandomStrategy,9,0,0,0,0,0.0000,9,0,0,0,0.4444
751,RandomStrategy,18,452,452,452,0,0.0000,18,0,0,0,0.6049
752,RandomStrategy,16,3,3,3,0,0.0000,16,0,0,0,0.6173
753,RandomStrategy,15,-37622,-37622,-37622,1,1.0000,15,0,0,0,0.7160
754,RandomStrategy,19,3354557,3354557,3354557,0,0.0000,19,0,0,0,0.6543
755,RandomStrategy,12,0,0,0,0,0.0000,12,0,0,0,0.5309
756,RandomStrategy,11,0,0,0,0,0.0000,11,0,0,0,0.5309
757,RandomStrategy,16,0,0,0,0,0.0000,16,0,0,0,0.7160
758,RandomStrategy,17,4362249,4362249,4362249,0,0.0000,17,0,0,0,0.6420
759,RandomStrategy,16,0,0,0,0,0.0000,16,0,0,0,0.6296
760,RandomStrategy,13,0,0,0,0,0.0000,13,0,0,0,0.5802
761,RandomStrategy,12,0,0,0,0,0.0000,12,0,0,0,0.5679
762,RandomStrategy,14,144,144,144,0,0.0000,14,0,0,0,0.5432
763,RandomStrategy,17,0,0,0,0,0.0000,17,0,0,0,0.6667
764,RandomStrategy,12,0,0,0,0,0.0000,12,0,0,0,0.6173
765,RandomStrategy,17,84,84,84,0,0.0000,17,0,0,0,0.6543
766,RandomStrategy,17,0,0,0,0,0.0000,17,0,0,0,0.7407
767,RandomStrategy,14,0,0,0,0,0.0000,14,0,0,0,0.5556
768,RandomStrategy,15,4,4,4,0,0.0000,15,0,0,0,0.6296
769,RandomStrategy,14,9,9,9,0,0.0000,14,0,0,0,0.6173
770,RandomStrategy,19,10219,8602,1617,0,0.0000,19,0,0,0,0.6173
771,RandomStrategy,22,2657562,2682649,-84821,1,0.2500,19,3,0,0,0.6173
772,RandomStrategy,14,0,0,0,0,0.0000,14,0,0,0,0.6049
773,RandomStrategy,22,15703,15653,50,0,0.0000,22,0,0,0,0.6914
774,RandomStrategy,15,0,0,0,0,0.0000,15,0,0,0,0.5802
775,RandomStrategy,13,0,0,0,0,0.0000,13,0,0,0,0.5679
776,RandomStrategy,19,1,1,1,0,0.0000,19,0,0,0,0.6420
777,RandomStrategy,14,0,0,0,0,0.0000,14,0,0,0,0.6049
778,RandomStrategy,13,0,0,0,0,0.0000,13,0,0,0,0.5556
779,RandomStrategy,11,0,0,0,0,0.0000,11,0,0,0,0.4691
780,RandomStrategy,15,0,0,0,0,0.0000,15,0,0,0,0.6049
781,RandomStrategy,14,0,0,0,0,0.0000,14,0,0,0,0.6420
782,RandomStrategy,17,1332,1332,1332,0,0.0000,17,0,0,0,0.6296
783,RandomStrategy,17,9147472,9147471,1,0,0.0000,17,0,0,0,0.6420
784,RandomStrategy,17,4266883,4266527,356,0,0.0000,17,0,0,0,0.6049
785,RandomStrategy,18,3171,3171,3171,0,0.0000,18,0,0,0,0.6420
786,RandomStrategy,17,0,0,0,0,0.0000,17,0,0,0,0.6914
787,RandomStrategy,12,0,0,0,0,0.0000,12,0,0,0,0.5309
788,RandomStrategy,20,156490,156445,45,0,0.0000,20,0,0,0,0.5926
789,RandomStrategy,13,117,117,117,0,0.0000,13,0,0,0,0.4938
790,RandomStrategy,13,0,0,0,0,0.0000,13,0,0,0,0.5926
791,RandomStrategy,14,0,0,0,0,0.0000,14,0,0,0,0.7284
792,RandomStrategy,9,0,0,0,0,0.0000,9,0,0,0,0.4815
793,RandomStrategy,14,0,0,0,0,0.0000,14,0,0,0,0.6049
794,RandomStrategy,11,0,0,0,0,0.0000,11,0,0,0,0.4568
795,RandomStrategy,16,0,0,0,0,0.0000,16,0,0,0,0.7160
796,RandomStrategy,19,1116,1116,1116,0,0.0000,19,0,0,0,0.7284
797,RandomStrategy,8,0,0,0,0,0.0000,8,0,0,0,0.3827
798,RandomStrategy,16,149,149,149,0,0.0000,16,0,0,0,0.5802
799,RandomStrategy,24,678,583,2,0,0.0000,18,6,0,0,0.6667
800,RandomStrategy,13,0,0,0,0,0.0000,13,0,0,0,0.5802
801,RandomStrategy,14,356,356,356,0,0.0000,14,0,0,0,0.5556
802,RandomStrategy,18,65,53,12,0,0.0000,18,0,0,0,0.5062
803,RandomStrategy,14,0,0,0,0,0.0000,14,0,0,0,0.6049
804,RandomStrategy,31,1612,1570,-574,1,0.2000,16,15,0,0,0.6914
805,RandomStrategy,16,0,0,0,0,0.0000,16,0,0,0,0.6543
806,RandomStrategy,13,0,0,0,0,0.0000,13,0,0,0,0.5679
807,RandomStrategy,19,150,146,4,0,0.0000,19,0,0,0,0.6296
808,RandomStrategy,13,3241,3241,3241,0,0.0000,13,0,0,0,0.5185
809,RandomStrategy,14,4368,4368,4368,0,0.0000,14,0,0,0,0.5679
810,RandomStrategy,20,4191,4191,4191,0,0.0000,20,0,0,0,0.6914
811,RandomStrategy,15,6,6,6,0,0.0000,15,0,0,0,0.6420
812,RandomStrategy,22,229838,229838,229838,0,0.0000,13,9,0,0,0.6049
813,RandomStrategy,34,811072,809220,10,0,0.0000,19,15,0,0,0.7160
814,RandomStrategy,24,295977,293857,6,0,0.0000,21,3,0,0,0.6914
815,RandomStrategy,19,-556,-556,-556,1,1.0000,19,0,0,0,0.6173
816,RandomStrategy,14,0,0,0,0,0.0000,14,0,0,0,0.6420
817,RandomStrategy,20,422358,422351,7,0,0.0000,20,0,0,0,0.6296
818,RandomStrategy,18,211,211,211,0,0.0000,18,0,0,0,0.6667
819,RandomStrategy,17,70,70,70,0,0.0000,17,0,0,0,0.5432
820,RandomStrategy,16,0,0,0,0,0.0000,16,0,0,0,0.7407
821,RandomStrategy,14,0,0,0,0,0.0000,14,0,0,0,0.6667
822,RandomStrategy,14,2,2,2,0,0.0000,14,0,0,0,0.5679
823,RandomStrategy,17,3,3,3,0,0.0000,17,0,0,0,0.6296
824,RandomStrategy,16,5998,5998,5998,0,0.0000,16,0,0,0,0.6543
825,RandomStrategy,27,418545,416715,-1205,1,0.2000,16,11,0,0,0.6420
826,RandomStrategy,15,0,0,0,0,0.0000,15,0,0,0,0.6790
827,RandomStrategy,22,68365,65239,3126,0,0.0000,22,0,0,0,0.7160
828,RandomStrategy,33,36234,31730,5,0,0.0000,23,10,0,0,0.6173
829,RandomStrategy,10,0,0,0,0,0.0000,10,0,0,0,0.4198
830,RandomStrategy,12,0,0,0,0,0.0000,12,0,0,0,0.5309
831,RandomStrategy,20,610,556,54,0,0.0000,20,0,0,0,0.6049
832,RandomStrategy,15,34211,34211,34211,0,0.0000,15,0,0,0,0.5679
833,RandomStrategy,12,5,5,5,0,0.0000,12,0,0,0,0.5185
834,RandomStrategy,16,0,0,0,0,0.0000,16,0,0,0,0.6420
835,RandomStrategy,11,0,0,0,0,0.0000,11,0,0,0,0.4568
836,RandomStrategy,10,-5632234,-5632234,-5632234,1,1.0000,10,0,0,0,0.3580
837,RandomStrategy,14,0,0,0,0,0.0000,14,0,0,0,0.6790
838,RandomStrategy,11,0,0,0,0,0.0000,11,0,0,0,0.4815
839,RandomStrategy,12,0,0,0,0,0.0000,12,0,0,0,0.5556
840,RandomStrategy,10,0,0,0,0,0.0000,10,0,0,0,0.5309
841,RandomStrategy,13,0,0,0,0,0.0000,13,0,0,0,0.5309
842,RandomStrategy,11,0,0,0,0,0.0000,11,0,0,0,0.5432
843,RandomStrategy,21,1006,538,19,0,0.0000,21,0,0,0,0.6914
844,RandomStrategy,15,18,18,18,0,0.0000,15,0,0,0,0.5926
845,RandomStrategy,25,63045,61627,3,0,0.0000,22,3,0,0,0.5802
846,RandomStrategy,12,0,0,0,0,0.0000,12,0,0,0,0.5679
847,RandomStrategy,21,62,55,7,0,0.0000,19,2,0,0,0.5679
848,RandomStrategy,15,11,11,11,0,0.0000,15,0,0,0,0.6667
849,RandomStrategy,20,7258,4737,2521,0,0.0000,20,0,0,0,0.6543
850,RandomStrategy,17,84,82,2,0,0.0000,17,0,0,0,0.5926
851,RandomStrategy,13,0,0,0,0,0.0000,13,0,0,0,0.6543
852,RandomStrategy,15,0,0,0,0,0.0000,15,0,0,0,0.6420
853,RandomStrategy,11,0,0,0,0,0.0000,11,0,0,0,0.5556
854,RandomStrategy,21,5995,3474,2521,0,0.0000,21,0,0,0,0.6420
855,RandomStrategy,13,1549,1549,1549,0,0.0000,13,0,0,0,0.5556
856,RandomStrategy,16,0,0,0,0,0.0000,16,0,0,0,0.7160
857,RandomStrategy,14,-40,-40,-40,1,1.0000,14,0,0,0,0.5309
858,RandomStrategy,18,202,202,202,0,0.0000,18,0,0,0,0.6914
859,RandomStrategy,10,0,0,0,0,0.0000,10,0,0,0,0.5185
860,RandomStrategy,14,0,0,0,0,0.0000,14,0,0,0,0.5926
861,RandomStrategy,13,0,0,0,0,0.0000,13,0,0,0,0.4938
862,RandomStrategy,18,3,3,3,0,0.0000,18,0,0,0,0.6790
863,RandomStrategy,20,6866655,6242362,5,0,0.0000,20,0,0,0,0.6543
864,RandomStrategy,16,-6,-6,-6,1,1.0000,16,0,0,0,0.5926
865,RandomStrategy,17,138620,115659,274,0,0.0000,17,0,0,0,0.4938
866,RandomStrategy,14,0,0,0,0,0.0000,14,0,0,0,0.6543
867,RandomStrategy,20,6658257,6658135,22,0,0.0000,20,0,0,0,0.6420
868,RandomStrategy,11,0,0,0,0,0.0000,11,0,0,0,0.5062
869,RandomStrategy,16,55,55,55,0,0.0000,16,0,0,0,0.6296
870,RandomStrategy,14,0,0,0,0,0.0000,14,0,0,0,0.6049
871,RandomStrategy,17,2255,2255,2255,0,0.0000,17,0,0,0,0.6790
872,RandomStrategy,10,0,0,0,0,0.0000,10,0,0,0,0.5432
873,RandomStrategy,23,57062,56942,59,0,0.0000,23,0,0,0,0.6296
874,RandomStrategy,24,308,318,-21,1,0.3333,24,0,0,0,0.6914
875,RandomStrategy,15,125,125,125,0,0.0000,15,0,0,0,0.6173
876,RandomStrategy,18,897,827,70,0,0.0000,18,0,0,0,0.5309
877,RandomStrategy,11,0,0,0,0,0.0000,11,0,0,0,0.5556
878,RandomStrategy,22,358,280,78,0,0.0000,22,0,0,0,0.7037
879,RandomStrategy,14,0,0,0,0,0.0000,14,0,0,0,0.6173
880,RandomStrategy,15,0,0,0,0,0.0000,15,0,0,0,0.6543
881,RandomStrategy,21,1037,574,463,0,0.0000,21,0,0,0,0.6173
882,RandomStrategy,20,50,50,50,0,0.0000,20,0,0,0,0.6543
883,RandomStrategy,13,0,0,0,0,0.0000,13,0,0,0,0.5926
884,RandomStrategy,15,767,767,767,0,0.0000,15,0,0,0,0.5926
885,RandomStrategy,15,5209,5209,5209,0,0.0000,15,0,0,0,0.6049
886,RandomStrategy,17,113,113,113,0,0.0000,17,0,0,0,0.5679
887,RandomStrategy,12,362649,362649,362649,0,0.0000,12,0,0,0,0.5062
888,RandomStrategy,22,11586,11547,39,0,0.0000,22,0,0,0,0.6420
889,RandomStrategy,19,19,13,6,0,0.0000,19,0,0,0,0.6914
890,RandomStrategy,10,0,0,0,0,0.0000,10,0,0,0,0.4198
891,RandomStrategy,15,12126,12126,12126,0,0.0000,15,0,0,0,0.5802
892,RandomStrategy,21,48,42,0,0,0.0000,21,0,0,0,0.5802
893,RandomStrategy,20,3392378,3391595,130,0,0.0000,20,0,0,0,0.5802
894,RandomStrategy,15,4,4,4,0,0.0000,15,0,0,0,0.5185
895,RandomStrategy,20,647,533,114,0,0.0000,20,0,0,0,0.5679
896,RandomStrategy,14,23,23,23,0,0.0000,14,0,0,0,0.5062
897,RandomStrategy,15,0,0,0,0,0.0000,15,0,0,0,0.6173
898,RandomStrategy,19,6156,5371,785,0,0.0000,19,0,0,0,0.6420
899,RandomStrategy,15,4,4,4,0,0.0000,15,0,0,0,0.5432
900,RandomStrategy,22,421612,421431,15,0,0.0000,22,0,0,0,0.7037
901,RandomStrategy,8,0,0,0,0,0.0000,8,0,0,0,0.4074
902,RandomStrategy,15,0,0,0,0,0.0000,15,0,0,0,0.6667
903,RandomStrategy,26,67571,66465,68,0,0.0000,25,1,0,0,0.6296
904,RandomStrategy,19,5483,5483,5483,0,0.0000,19,0,0,0,0.6667
905,RandomStrategy,14,0,0,0,0,0.0000,14,0,0,0,0.6173
906,RandomStrategy,12,0,0,0,0,0.0000,12,0,0,0,0.6173
907,RandomStrategy,10,0,0,0,0,0.0000,10,0,0,0,0.4568
908,RandomStrategy,19,581,455,126,0,0.0000,19,0,0,0,0.6049
909,RandomStrategy,11,-327,-327,-327,1,1.0000,11,0,0,0,0.4938
910,RandomStrategy,14,398,395,3,0,0.0000,14,0,0,0,0.5062
911,RandomStrategy,15,0,0,0,0,0.0000,15,0,0,0,0.6296
912,RandomStrategy,15,-583,-583,-583,1,1.0000,15,0,0,0,0.6173
913,RandomStrategy,16,288,288,288,0,0.0000,16,0,0,0,0.5802
914,RandomStrategy,17,532,532,532,0,0.0000,17,0,0,0,0.6543
915,RandomStrategy,19,226,226,226,0,0.0000,19,0,0,0,0.6790
916,RandomStrategy,17,83063,82303,760,0,0.0000,17,0,0,0,0.5309
917,RandomStrategy,9,0,0,0,0,0.0000,9,0,0,0,0.4444
918,RandomStrategy,20,4655,4314,341,0,0.0000,20,0,0,0,0.5802
919,RandomStrategy,25,1055,951,1,0,0.0000,18,7,0,0,0.6914
920,RandomStrategy,15,0,0,0,0,0.0000,15,0,0,0,0.6790
921,RandomStrategy,16,445,445,445,0,0.0000,16,0,0,0,0.6667
922,RandomStrategy,18,16,16,16,0,0.0000,18,0,0,0,0.6790
923,RandomStrategy,19,132621,66376,66245,0,0.0000,19,0,0,0,0.6543
924,RandomStrategy,15,0,0,0,0,0.0000,15,0,0,0,0.6049
925,RandomStrategy,19,66,66,66,0,0.0000,19,0,0,0,0.7160
926,RandomStrategy,24,42470,42249,62,0,0.0000,22,2,0,0,0.6296
927,RandomStrategy,14,0,0,0,0,0.0000,14,0,0,0,0.5926
928,RandomStrategy,15,0,0,0,0,0.0000,15,0,0,0,0.6543
929,RandomStrategy,17,-1,-1,-1,1,1.0000,17,0,0,0,0.6543
930,RandomStrategy,13,0,0,0,0,0.0000,13,0,0,0,0.6049
931,RandomStrategy,12,0,0,0,0,0.0000,12,0,0,0,0.5185
932,RandomStrategy,12,0,0,0,0,0.0000,12,0,0,0,0.5926
933,RandomStrategy,12,226,226,226,0,0.0000,12,0,0,0,0.5556
934,RandomStrategy,26,194,181,1,0,0.0000,21,5,0,0,0.7284
935,RandomStrategy,14,0,0,0,0,0.0000,14,0,0,0,0.5679
936,RandomStrategy,15,0,0,0,0,0.0000,15,0,0,0,0.6667
937,RandomStrategy,15,650,650,650,0,0.0000,15,0,0,0,0.5432
938,RandomStrategy,9,0,0,0,0,0.0000,9,0,0,0,0.4198
939,RandomStrategy,14,0,0,0,0,0.0000,14,0,0,0,0.7160
940,RandomStrategy,26,6332,4760,28,0,0.0000,21,5,0,0,0.6049
941,RandomStrategy,12,0,0,0,0,0.0000,12,0,0,0,0.5432
942,RandomStrategy,23,641,621,3,0,0.0000,16,7,0,0,0.6420
943,RandomStrategy,17,0,0,0,0,0.0000,17,0,0,0,0.6296
944,RandomStrategy,18,2,2,2,0,0.0000,18,0,0,0,0.6914
945,RandomStrategy,22,35576,34806,92,0,0.0000,22,0,0,0,0.7037
946,RandomStrategy,10,0,0,0,0,0.0000,10,0,0,0,0.4938
947,RandomStrategy,17,0,0,0,0,0.0000,17,0,0,0,0.7037
948,RandomStrategy,20,3828,2961,293,0,0.0000,20,0,0,0,0.5926
949,RandomStrategy,16,5,5,5,0,0.0000,16,0,0,0,0.6173
950,RandomStrategy,16,5,5,5,0,0.0000,16,0,0,0,0.5926
951,RandomStrategy,15,0,0,0,0,0.0000,15,0,0,0,0.6173
952,RandomStrategy,14,0,0,0,0,0.0000,14,0,0,0,0.6173
953,RandomStrategy,10,0,0,0,0,0.0000,10,0,0,0,0.4938
954,RandomStrategy,15,37,37,37,0,0.0000,15,0,0,0,0.5679
955,RandomStrategy,19,4871,4868,3,0,0.0000,19,0,0,0,0.6667
956,RandomStrategy,18,3755,3684,71,0,0.0000,18,0,0,0,0.6296
957,RandomStrategy,14,0,0,0,0,0.0000,14,0,0,0,0.5556
958,RandomStrategy,14,0,0,0,0,0.0000,14,0,0,0,0.6543
959,RandomStrategy,19,20,16,4,0,0.0000,19,0,0,0,0.6049
960,RandomStrategy,13,0,0,0,0,0.0000,13,0,0,0,0.6049
961,RandomStrategy,12,0,0,0,0,0.0000,12,0,0,0,0.5185
962,RandomStrategy,20,185,151,34,0,0.0000,20,0,0,0,0.6296
963,RandomStrategy,12,0,0,0,0,0.0000,12,0,0,0,0.5679
964,RandomStrategy,17,657,657,657,0,0.0000,17,0,0,0,0.5679
965,RandomStrategy,25,8539,8558,-127,1,0.2000,19,6,0,0,0.5802
966,RandomStrategy,22,170,63,49,0,0.0000,22,0,0,0,0.5802
967,RandomStrategy,12,0,0,0,0,0.0000,12,0,0,0,0.5679
968,RandomStrategy,16,6,6,6,0,0.0000,16,0,0,0,0.6049
969,RandomStrategy,13,0,0,0,0,0.0000,13,0,0,0,0.5432
970,RandomStrategy,15,16889,16889,16889,0,0.0000,15,0,0,0,0.5679
971,RandomStrategy,16,0,0,0,0,0.0000,16,0,0,0,0.6173
972,RandomStrategy,15,529512320,529512335,529512335,0,0.0000,15,0,0,0,0.5802
973,RandomStrategy,14,-68,-68,-68,1,1.0000,14,0,0,0,0.6296
974,RandomStrategy,13,0,0,0,0,0.0000,13,0,0,0,0.5926
975,RandomStrategy,16,12747,12747,12747,0,0.0000,16,0,0,0,0.7284
976,RandomStrategy,10,0,0,0,0,0.0000,10,0,0,0,0.5185
977,RandomStrategy,13,0,0,0,0,0.0000,13,0,0,0,0.5309
978,RandomStrategy,27,3928,3831,4,0,0.0000,18,9,0,0,0.5926
979,RandomStrategy,16,0,0,0,0,0.0000,16,0,0,0,0.7037
980,RandomStrategy,16,31,31,31,0,0.0000,16,0,0,0,0.5926
981,RandomStrategy,7,0,0,0,0,0.0000,7,0,0,0,0.3704
982,RandomStrategy,17,91211456,91211459,91211459,0,0.0000,17,0,0,0,0.6296
983,RandomStrategy,15,0,0,0,0,0.0000,15,0,0,0,0.7160
984,RandomStrategy,18,1568,1490,78,0,0.0000,18,0,0,0,0.6296
985,RandomStrategy,19,144,114,30,0,0.0000,19,0,0,0,0.6173
986,RandomStrategy,23,1909,1475,17,0,0.0000,20,3,0,0,0.6296
987,RandomStrategy,15,0,0,0,0,0.0000,15,0,0,0,0.5926
988,RandomStrategy,15,5,5,5,0,0.0000,15,0,0,0,0.5679
989,RandomStrategy,9,0,0,0,0,0.0000,9,0,0,0,0.4198
990,RandomStrategy,12,12446,12446,12446,0,0.0000,12,0,0,0,0.4691
991,RandomStrategy,11,0,0,0,0,0.0000,11,0,0,0,0.5062
992,RandomStrategy,24,4437,3836,53,0,0.0000,19,5,0,0,0.6049
993,RandomStrategy,21,18,16,2,0,0.0000,21,0,0,0,0.6790
994,RandomStrategy,24,36030,31863,3,0,0.0000,19,5,0,0,0.5679
995,RandomStrategy,17,91787,91417,370,0,0.0000,17,0,0,0,0.6420
996,RandomStrategy,15,4341,4341,4341,0,0.0000,15,0,0,0,0.5679
997,RandomStrategy,15,0,0,0,0,0.0000,15,0,0,0,0.6296
998,RandomStrategy,20,279,279,279,0,0.0000,20,0,0,0,0.7160
999,RandomStrategy,19,97,97,97,0,0.0000,19,0,0,0,0.5679
